car_id,model_name,manufacturer_id
1,ML280 CDI,1
2,E220 CDI,1
3,S350 BLUETEC,1
4,ML300 CDI,1
5,C220 CDI,1
6,캐딜락SRX,2
7,RX 125SM,3
8,ST 7,3
9,COMET,3
10,MIRAGE,3
11,RT 125D,3
12,Cooper S,4
13,GLK220 CDI,1
14,쉐보레아베오1.6,5
15,FLHRC,6
16,FLHTP,6
17,FLHTCU,6
18,FLHR,6
19,FLHX,6
20,FLHXSE,6
21,FLTRX,6
22,FLHTCUSE,6
23,FLHTK,6
24,FLTRUSE,6
25,FLTRSE,6
26,FLHT,6
27,FLTRU,6
28,윈스톰 맥스2.0디젤,5
29,윈스톰2.0디젤,5
30,마제라티 그란투리스모 S,7
31,MONSTER796 ABS,8
32,MONSTER696 ABS,8
33,MONSTER1100 EVO,8
34,HYPERMOTARD796,8
35,카이엔S 하이브리드,9
36,카이엔,9
37,카이엔 S,9
38,카이엔 디젤,9
39,카이엔 터보,9
40,트라고,10
41,메가트럭와이드캡,10
42,뉴파워트럭,10
43,벨로스터,10
44,엑센트,10
45,YZF-R125,11
46,V-MAX,11
47,에이엠티 줄렉커,12
48,에이엠티 언더리프트,12
49,마제라티 그란투리스모S,7
50,마제라티 그란카브리오,7
51,마제라티 그란투리스모,7
52,QX56,13
53,M56,13
54,알페온 2.4 하이브리드,5
55,알페온 2.4,5
56,알페온 3.0,5
57,911카레라 카브리올레,9
58,911카레라S,9
59,911카레라S 카브리올레,9
60,911카레라,9
61,V60,14
62,S60,14
63,XC70,14
64,XC60,14
65,S80,14
66,DYNA MODEL,6
67,SOFTAIL MODEL,6
68,그랜더보이저,15
69,528i,4
70,650i,4
71,523i,4
72,550i,4
73,535d,4
74,535xi,4
75,M6,4
76,520i,4
77,525i,4
78,M5,4
79,525d,4
80,645Ci,4
81,535i,4
82,530i,4
83,545i,4
84,528xi,4
85,520d,4
86,525xi,4
87,530xi,4
88,530d,4
89,MONSTER1100EVO,8
90,올란도 2.0 디젤,5
91,올란도 2.0 LPG,5
92,포커스,16
93,박스터 S,9
94,760Li,4
95,550iX,4
96,Rolls-Royce GHOST,4
97,Mini Cooper S,4
98,X6,4
99,X6M,4
100,X5M,4
101,750LiX,4
102,B200,1
103,TGX,17
104,TGS,17
105,STREETFIGHTER 848,8
106,MONSTER1100EVO ABS,8
107,CC2.0TDI,18
108,Tiguan2.0TDI,18
109,모하비,19
110,S1000RR,20
111,300C,15
112,페라리 캘리포니아,7
113,페라리 458 이탈리아,7
114,GSX R1000,21
115,맥심,22
116,X5,4
117,파나메라 터보 S,9
118,파나메라 터보 파워 킷,9
119,CR-V,23
120,120d,4
121,Z4,4
122,이스케이프,16
123,Q5,18
124,FM 6*2 트랙터,24
125,FM 6*4 트랙터,24
126,FM 8*4 카고트럭,24
127,FM 6*4 카고트럭,24
128,FH 8*4 카고트럭,24
129,FH 6*4 트랙터,24
130,FH 6*2 트랙터,24
131,FH16 6*4 트랙터,24
132,라세티 2.0 디젤 해치백,5
133,라세티 1.6 가솔린 해치백,5
134,라세티 1.5 가솔린 해치백,5
135,젠트라,5
136,라세티,5
137,마티즈,5
138,토스카,5
139,508SW 1.6 HDI MCP,25
140,508SW 2.0 HDI,25
141,508 2.0 HDI,25
142,508 1.6 HDI MCP,25
143,508 2.2 HDI,25
144,토요타 RAV4 2WD,26
145,토요타 RAV4 4WD,26
146,1199Panigale,8
147,NC700X 인테그라,27
148,JX35,13
149,푸조 디젤308 1.6 MCP H야,25
150,저지,28
151,크로스컨트리투어,28
152,하이볼,28
153,하드볼,28
154,비젼,28
155,크로스로드리미,28
156,이베코 5톤카고트럭,29
157,K1200S,20
158,K1200R,20
159,CLS350,1
160,레인지 로버,30
161,XF,30
162,S-type,30
163,모닝,19
164,토요타 PRIUS,26
165,라세티 프리미어 2.0 디젤,5
166,QM5,31
167,캡티바 2.2 디젤,5
168,911 GT3,9
169,마제라티 그란카브리오 Sport,7
170,마제라티 그란투리스모 MC Stradale,7
171,BMW C600 SPORT,20
172,렉서스 IS-C,26
173,렉서스 IS-F,26
174,렉서스 IS250,26
175,Active E,4
176,대우4.5톤 카고,32
177,대우5톤 카고,32
178,BMW R1200GS,20
179,BMW S1000RR,20
180,BMW K1300R,20
181,BMW K1300S,20
182,S500 4MATIC,1
183,S500,1
184,S350,1
185,250 EXC-F,33
186,베라크루즈,10
187,싼타페,10
188,아반떼,10
189,쏘울,19
190,카렌스,19
191,쏘렌토,19
192,캐딜락 SRX,2
193,토러스,16
194,링컨 MKS,16
195,FJ크루저,26
196,푸조 207cc,25
197,2 행정 오프로드 모델,33
198,911 카레라 카브리올레,9
199,911 카레라,9
200,911 카레라 4,9
201,시트로엥 DS5,25
202,JETTA 1.6 TDI BMT,18
203,GOLF 1.6 TDI BMT,18
204,GOLF 1.4 TSI,18
205,토요타 프리우스,26
206,짚컴패스,15
207,레거시,34
208,아웃백,34
209,마세라티 콰트로포르테,7
210,마세라티 그란투리스모,7
211,알페온 2.4 이어시스트,5
212,로드스터,35
213,저상 트레일러,36
214,짚커맨더,15
215,다코타,15
216,짚그랜드체로키,15
217,렉서스 SC430,26
218,익스플로러,16
219,MKS,16
220,퓨전,16
221,MKZ,16
222,BMW C650GT,20
223,M3,4
224,325xi,4
225,GSX1300RAL3,21
226,x6 30d,4
227,x5 30d,4
228,x3 20d,4
229,330i,4
230,320i,4
231,318i,4
232,325i,4
233,325ci,4
234,330ci,4
235,푸조 3008,25
236,가와사키 닌자300,37
237,렉서스 RX400h,26
238,렉서스 GS350,26
239,제네시스 쿠페,10
240,그랜드 카니발,19
241,오피러스,19
242,로체,19
243,포르테,19
244,스포티지,19
245,K5,19
246,구형 그랜저,10
247,제네시스,10
248,투싼,10
249,i30,10
250,쏘나타,10
251,SUPER CUB,27
252,A6 2.7Q,18
253,A6 3.0Q,18
254,A6 2.4Q,18
255,Allroad Quattro 2.7T,18
256,BMW F800GS,20
257,BMW F700GS,20
258,푸조 508 2.2 HDI,25
259,짚랭글러,15
260,328i,4
261,320d ED,4
262,뮤시엘라고 쿠페,18
263,가야르도 LP560-4 SPYDER,18
264,뮤시엘라고 LP670-4,18
265,가야르도 슈퍼레제라,18
266,가야르도 LP560-4,18
267,118d,4
268,335i,4
269,116i,4
270,320d,4
271,320xd,4
272,335iH,4
273,인피니티M45,13
274,인피니티M35,13
275,ODYSSEY,23
276,그랜드 보이저,15
277,Path finder,13
278,콘티낸탈 슈퍼스포츠,18
279,콘티낸탈 GT,18
280,콘티낸탈 GT 스피드,18
281,토스카 2.0 LPG,5
282,A8 3.0TDI,18
283,A8 4.2TDI,18
284,A8 4.0TFSI,18
285,POLO 1.6 TDI,18
286,GOLF A7 1.6 TDI BMT,18
287,티구안 2.0TDI,18
288,티구안 2.0TSI,18
289,S6 4.0,18
290,S7 4.0,18
291,BMW K 1600GT,20
292,BMW K 1600 GTL,20
293,소프테일 디럭스 CVO,6
294,소프트테일 브레이크아웃 CVO,6
295,CVO 로드킹,6
296,CVO 리미티드,6
297,일렉트라 글라이드 울트라 클래식,6
298,스트리트 글라이드,6
299,울트라 리미티드,6
300,라보,5
301,다마스,5
302,XJ,30
303,벤자,26
304,캠리 하이브리드,26
305,캠리,26
306,캠리 V6,26
307,벤자 V6,26
308,750i,4
309,745Li,4
310,750Li,4
311,코란도 투리스모,38
312,코란도 스포츠,38
313,735Li,4
314,730i,4
315,730Li,4
316,745i,4
317,타운카,16
318,NINJA300,37
319,UM125,21
320,GSX-R750,21
321,GSX-R600,21
322,GSX-R1000/Z,21
323,스파크,5
324,이보크,30
325,프리랜더2,30
326,528i(XG31),4
327,X3 xDrive 28i,4
328,Z4sDrive28i,4
329,X3 28i,4
330,528ixDrive,4
331,M5 Sedan,4
332,328xi,4
333,328i GT,4
334,U400,39
335,U500,39
336,F800ST,20
337,F800S,20
338,CBR500R,27
339,CB500X,27
340,프리우스,26
341,토요타캠리,26
342,토요타아발론,26
343,토요타캠리V6,26
344,토요타캠리 하이브리드,26
345,토요타시에나2WD,26
346,토요타시에나4WD,26
347,짚 그랜드체로키(WK),15
348,짚 체로키(KJ) 4WD,15
349,짚 그랜드체로키(WJ/WG) 4WD,15
350,푸조508 2.0 HDI,25
351,푸조508W 2.0 HDI,25
352,푸조508 2.2 HDI,25
353,V40,14
354,XT1200Z,11
355,YTF-R1,11
356,BENLY110,27
357,XJR 5.0SC,30
358,XFR-S5.0SC,30
359,Range Rover 2.2D,30
360,F800GS,20
361,F800GSADV,20
362,F800GT,20
363,F700GS,20
364,C600SPORT,20
365,C650GT,20
366,R1200GS,20
367,R1200R,20
368,300C AWD LX,15
369,짚그랜드체로키(WK),15
370,CITARO(시타로),39
371,MT09,11
372,XVS950CU,11
373,오디세이,23
374,QUON 6*4,24
375,TGA 28.413FNLS,17
376,TGA 28.480 6X2-2 BLS,17
377,TGA 28.440 6X2-2 BLS,17
378,TGA 28.430 6X2-2 BLS,17
379,TGA 28.460 6X2-2 BLS,17
380,TGA 28.410 6X2-2 BLS,17
381,TGA 28.463 FNLS,17
382,TGX 28.480 6X2-2 BLS,17
383,TGX 28.480 FNLS,17
384,SM5 LPG,31
385,SM5 가솔린,31
386,FXSBSE,6
387,FXSB,6
388,JX,13
389,패스파인더,13
390,알티마,13
391,Q50,13
392,1199 Panigale s,8
393,1199 Panigale s Tricolore,8
394,1199 Panigale,8
395,1199 Panigale ABS,8
396,1199 Panigale R,8
397,푸조 3008 2.0 HDI,25
398,F-type,30
399,크루즈,5
400,Range Rover 3.0D,30
401,Range Rover 5.0SC,30
402,Range Rover 4.4D,30
403,카이엔S,9
404,파나메라 터보,9
405,파나메라S,9
406,파나메라4S,9
407,파나메라,9
408,파나메라4,9
409,R1200S,20
410,R1200ST,20
411,K1600GTL,20
412,HP4,20
413,K1600GT,20
414,R1200RT,20
415,K1300S,20
416,K1300GT,20
417,F800R,20
418,R1200GSADV,20
419,R1200GSHPEnduro,20
420,R1200GSHP2Magamoto,20
421,HP2Sport,20
422,K1200RSport,20
423,K1300R,20
424,K1200GT,20
425,C600S,20
426,800GSADV,20
427,VESPA PX125,40
428,시트로엥 DS3 1.6 eHDI,25
429,푸조 208 1.4 eHDI,25
430,푸조 208 1.6 eHDI,25
431,PASSAT 2.0 TDI,18
432,PASSAT 2.5 MPI,18
433,퓨전 하이브리드,16
434,링컨MKZ하이브리드,16
435,캐딜락CTS(AWD),2
436,K7,19
437,FLHTKSE(울트라 리미티드 CVO),6
438,마칸S Turbo,9
439,마칸S,9
440,마칸S Diesel,9
441,L200,41
442,"RVR(2WD,4WD)",41
443,뉴티업,3
444,FLHTK(울트라리미티드),6
445,FLHTCU TC(울트라클래식),6
446,FLHRC(로드킹클래식),6
447,FLHX(스크리트 글라이드),6
448,FLHRSE(로드킹 CVO),6
449,FLHTP(일렉트라 글라이드 폴리스),6
450,렉서스GS350,26
451,캐딜락ATS,2
452,캐딜락CTS,2
453,푸조 3008 1.6 e-HDI,25
454,MKX,16
455,911GT3,9
456,690 ENDURO R/690 SMC R,33
457,크루즈(2.0디젤),5
458,알페온(2.4가솔린),5
459,올란도(2.0디젤),5
460,알페온(3.0가솔린),5
461,XFR-S,30
462,VESPA 946 125,40
463,SLK55 AMG,1
464,G2X(RMG67),5
465,싼타페(DM),10
466,트랙스,5
467,SL63 AMG,1
468,SLK200,1
469,X6 35i,4
470,X5 3.0Si,4
471,135i,4
472,Z4 30i,4
473,335Xi,4
474,335i Cabrio,4
475,328i Cabrio,4
476,535iX,4
477,640i,4
478,GT 535Xi,4
479,GT 535i,4
480,X3 35i,4
481,X5 35i,4
482,328Xi,4
483,BS090,42
484,BS106(CNG고상버스),42
485,DYNA LOW RIDER,6
486,아웃랜더 3.0L,41
487,카마로,5
488,Range Rover 4.4L,30
489,A6,18
490,A7,18
491,Q7,18
492,MKC,16
493,S 125 3V,40
494,VESPA LX 125 3V,40
495,LXV 125 3V,40
496,C220CDI(204002),1
497,C200K,1
498,C200CGI,1
499,SM3,31
500,C350,1
501,"C280,300 4MATIC",1
502,"C280,300",1
503,C63 AMG,1
504,"C230,250",1
505,C220CDI(204008),1
506,캐딜락드빌DHC,2
507,캐딜락DTS,2
508,짚 그랜드체로키(ZJ),15
509,짚 체로키(KJ),15
510,Q50 하이브리드,13
511,C220 BLUETEC,1
512,C250 BLUETEC 4MATIC,1
513,C200,1
514,쉐보레익스프레스,43
515,TGS 28.440 6X2-2 BLS,17
516,페라리458,7
517,TGX 28.440 6X2-2 BLS,17
518,TGA 26.480 6X4 BLS,17
519,TGA 26.440 6X4 BLS,17
520,TGA 26.430 6X4 BLS,17
521,크루즈(라세티프리미어),5
522,FXSBSE(소프테일 브레이크 아웃 CVO),6
523,FLSTNSE(소프테일 디럭스 CVO),6
524,MIRAGE(GV-250),3
525,DIAVEL STRIPE,8
526,DIAVEL DARK,8
527,DIAVEL AMG,8
528,DIAVEL CROMO,8
529,DIVEL CARBON,8
530,DIAVEL,8
531,MT07A,11
532,TGX 28. 440 6X2-2 BLS,17
533,TGS 28. 440 6X2-2 BLS,17
534,TGX 26. 480 6X4 BLS,17
535,TGX 28. 480 6X2-2 BLS,17
536,TGX 26. 440 6X4 BLS,17
537,렉서스GS450h,26
538,렉서스IS250,26
539,렉서스LS460L AWD,26
540,렉서스LS600hL,26
541,렉서스IS250C,26
542,렉서스GS460,26
543,렉서스LS460L,26
544,렉서스LS460 AWD,26
545,렉서스LS460,26
546,S 1000 R,20
547,아웃랜더,41
548,911터보카브리올레,9
549,911터보S카브리올레,9
550,카이맨,9
551,911카레라S카브리올레,9
552,박스터S,9
553,박스터,9
554,911카레라4S,9
555,911터보S,9
556,911카레라4S카브리올레,9
557,푸조 208 1.6 e-HDI 5D,25
558,푸조 208 1.4 e-HDI 5D,25
559,시트로엥 DS3 1.6 e-HDI 3D,25
560,쉐보레익스프레스(GMC사바나)_승용,44
561,쉐보레익스프레스(GMC사바나)_승합,44
562,A4 2.0 TFSI,18
563,A4 2.0 TDI,18
564,S4 3.0 TFSI,18
565,그랜드보이저,15
566,레인지로버 디젤(3.0),30
567,레인지로버 스포츠 휘발유(3.0),30
568,레인지로버 휘발유(5.0),30
569,레인지로버 디젤(4.4),30
570,레인지로버 스포츠 디젤(3.0),30
571,XJ 휘발유(5.0),30
572,XF 디젤(2.2),30
573,XF 휘발유(2.0),30
574,XF 휘발유(5.0),30
575,XF 휘발유(3.0),30
576,XF 디젤(3.0),30
577,XJ 휘발유(2.0),30
578,XJ 디젤(3.0),30
579,F-type(5.0),30
580,F-type(3.0),30
581,XJ 휘발유(3.0),30
582,캐딜락 ATS,2
583,Beetle 2.0 TDI,18
584,랜서에볼루션,41
585,랜서(CY4A-1),41
586,랜서(CY4A),41
587,캐딜락 CTS,2
588,FORZA,27
589,FSH125,27
590,MSX125,27
591,시에나 2WD,26
592,시에나 4WD,26
593,K 1300 S,20
594,S 1000 RR,20
595,K 1300 R,20
596,SX-F,33
597,SIX-DAYS,33
598,GL1800,27
599,GL1800 F6B,27
600,액티언 스포츠(전륜),38
601,렉스턴(후륜),38
602,렉스턴(전+후륜),38
603,카이런(전+후륜),38
604,액티언(전륜),38
605,렉스턴(전륜),38
606,카이런(후륜),38
607,카이런(전륜),38
608,B200 CDI,1
609,C220 CDI COUPE,1
610,A200 CDI,1
611,CLA200 CDI,1
612,CLS250 CDI,1
613,E220 BLUETEC,1
614,E250 CDI 4MATIC,1
615,CLS250 BLUETEC 4MATIC,1
616,E250 BLUETEC 4MATIC,1
617,GLA200 CDI 4MATIC,1
618,E300 BLUETEC HYBRID,1
619,GLA200 CDI,1
620,GLK220 CDI 4MATIC,1
621,FLS(소프테일 슬림),6
622,QX80,13
623,Q70S 5.6,13
624,쥬크,13
625,파제로,41
626,MT07,11
627,유니목(U400),39
628,유니목(U500),39
629,푸조 2008 1.6 e-HDI,25
630,캐딜락 Escalade,2
631,316i,4
632,SM5,31
633,528i Xdrive,4
634,Z4 28i,4
635,328i(3A63),4
636,328i(3C21),4
637,330Xi,4
638,323i,4
639,325Xi,4
640,323Ci,4
641,325Ci,4
642,330Ci,4
643,FXDB,6
644,FLSTN,6
645,FXDWG,6
646,FLD,6
647,FLSTFB,6
648,FXDF,6
649,FLSTF,6
650,FLSTC,6
651,FXS,6
652,FXDC,6
653,E200,1
654,C250 Blue TEC 4Matic,1
655,C220 BlueTEC,1
656,E300 4Matic,1
657,E300,1
658,E250 Blue TEC 4Matic,1
659,E400 4Matic,1
660,E350 Blue TEC 4Matic,1
661,FX50,13
662,FX35,13
663,EX35,13
664,봉고3 1.2톤,19
665,그랜저하이브리드,10
666,Pathfinder,13
667,QX60 Hybrid,13
668,QX60,13
669,라세티프리미어,5
670,올란도,5
671,파나메라 4S,9
672,카에엔 S,9
673,파나메라 4,9
674,시타로,39
675,BS106(디젤),42
676,BS090(디젤),42
677,BS120CN,42
678,BS110CN,42
679,BC211M,42
680,아반떼HD,10
681,i30(FD),10
682,알페온,5
683,말리부,5
684,XJ(2.0/3.0/5.0),30
685,FM 6x4 트랙터,24
686,E350 4Matic,1
687,CLS400,1
688,E200 CGI,1
689,CLS 63 AMG 4Matic,1
690,E63 AMG 4Matic,1
691,E350,1
692,E63 AMG,1
693,CLS 63 AMG,1
694,FM 6x4 카고트럭,24
695,FH 6x4 트랙터,24
696,CLS 63 S 4Matic,1
697,로그,13
698,320d Xdrive sedan,4
699,320d Sedan Efficient Dynamics E,4
700,파사트1.8TSI,18
701,MINI Cooper D,4
702,MINI Cooper,4
703,MINI Cooper S,4
704,320d Xdrive Gran Turismo,4
705,420d Gran Coupe,4
706,320d Gran Turismo,4
707,420d Xdrive Gran Coupe,4
708,320d Sedan,4
709,320i Sedan,4
710,"짚체로키, KL",15
711,"짚랭글러, JK",15
712,파나메라 S Hybrid,9
713,카이엔 S Hybrid,9
714,Range Rover,30
715,Range Rover Sport,30
716,Range Rover 4.4 디젤,30
717,Range Rover 5.0 가솔린,30
718,Range Rover 3.0 디젤,30
719,Discovery4,30
720,A8 3.0 TFSI,18
721,A6 3.0 TFSI,18
722,A7 3.0 TFSI,18
723,GTV 300,40
724,GTV 250,40
725,GTS 250,40
726,GTS 300 S,40
727,LX 125 ie,40
728,YZF-R1,11
729,MT09A,11
730,YZF-R6,11
731,XT1200ZE,11
732,MT09TRA,11
733,시트로엥 C4 Picasso 2.0 Blue-HDI,25
734,시트로엥 Grand C4 Picasso 2.0 Blue-HDI,25
735,푸조 308 2.0 HDI,25
736,푸조 308SW 2.0 HDI,25
737,690 SMC R 2014,33
738,올란도 LPG,5
739,티구안 2.0 TDI,18
740,TGX 28.440 6*2-2 BLS,17
741,TGS 26.440 6*2-2 BLS,17
742,TGX 26.480 6*4 BLS,17
743,TGX 28. 480 6*2-2 BKS,17
744,C220 Blue TEC,1
745,CLS250 Blue TEC 4Matic,1
746,CLA200 CDI 4Matic,1
747,E220 Blue TEC,1
748,GLK220 CDI 4Matic,1
749,GLA200 CDI 4Matic,1
750,QM3,31
751,"짚그랜드체로키, WK",15
752,FLTRXS,6
753,FLMXSE,6
754,FLHXS,6
755,FLHTCU TC,6
756,FLHTCUL TC,6
757,베리타스,5
758,FM 6*4 카고,24
759,FH 8*4 카고,24
760,FM 8*4 카고,24
761,큐온 6*4 카고트럭,24
762,535i xDrive,4
763,525d xDrive,4
764,528i xDrive,4
765,FLHTKL,6
766,MTS1200S SPORT,8
767,MTS1200S GT,8
768,MTS1200S TOURING,8
769,MTS1200S PP,8
770,MTS1200S ABS,8
771,MTS1200 ABS,8
772,918스파이더,9
773,K 1200 R,20
774,K 1200 GT,20
775,K 1300 GT,20
776,HP2 SPORT,20
777,K 1200 R SPORT,20
778,K 1200 S,20
779,R 1200 RT,20
780,R 1200 ST,20
781,R 1200 R,20
782,R 1200 S,20
783,R 1200 GS,20
784,R 1200 GS ADV,20
785,R 1200 GS HP,20
786,HP2 Megamoto,20
787,캡티바,5
788,렉서스 NX200t,26
789,두에고,45
790,Actros,39
791,990 SMT 2011,33
792,990 SMT 2010,33
793,990 SMT 2009,33
794,690 SMC R 2013,33
795,690 SMC R ABS 2014,33
796,익스플로어,16
797,XK,30
798,690 SMC R 2012,33
799,CR-V(RD6),23
800,CR-V(RE4),23
801,CR-V(RD7),23
802,ACCORD(CM5),23
803,Panigale R,8
804,듀랑고,15
805,XC90,14
806,320d xD drive,4
807,428i coupe,4
808,420i coupe,4
809,328i sedan,4
810,428i convertible,4
811,320i sedan,4
812,320d EDE,4
813,A180 CDI,1
814,CLA 250 4MATIC,1
815,CLA 45 AMG 4MATIC,1
816,CA110,46
817,GLA 200 CDI,1
818,윈스톰,5
819,아웃랜더(CW5W),41
820,아웃랜더(CW6W),41
821,FLHRSE,6
822,FLHTKSE,6
823,페라리 La Ferrari,7
824,페라리 California T,7
825,페라리 458 Special A,7
826,페라리 FF,7
827,페라리 F12 Berlinetta,7
828,페라리 458 Special,7
829,FH,24
830,FM,24
831,CR-V(RE3),23
832,NSS300,27
833,CTX700A,27
834,CBR300R,27
835,NC750XA,27
836,CRF250L,27
837,NC750D,27
838,CBR650F,27
839,CBR125R,27
840,CLS 400,1
841,G 650 GS,20
842,이클립스,41
843,MINI Cooper SD,4
844,MINI Cooper SD Clubman,4
845,MINI Cooper SD Countryman,4
846,MINI Cooper SD Paceman ALL4,4
847,Active Tourer,4
848,X3 20d,4
849,MINI Cooper D Countryman,4
850,XG750,6
851,MINI Cooper SD Coupe,4
852,MINI Cooper SD Paceman,4
853,MINI Cooper SD Countryman ALL4,4
854,520d GT,4
855,420 Coupe,4
856,MINI Cooper D Paceman,4
857,MINI Cooper D Clubman,4
858,MINI Cooper D Countryman ALL4,4
859,320d GT,4
860,320d Touring,4
861,X1 18d,4
862,520d Touring,4
863,MINI Cooper D Paceman ALL4,4
864,몬데오,16
865,머스탱,16
866,그랜드스타렉스,10
867,Vulcan 1700 Voyager,37
868,VC70,14
869,"짚그랜드체로키, WK/WH",15
870,"짚커맨더, XH",15
871,Atego,39
872,E250 BlueTEC 4Matic,1
873,E220 BlueTEC,1
874,C250 BlueTEC 4Matic,1
875,E250 CDI 4Matic,1
876,마세라티 Quattroporte,7
877,맥시마,13
878,FREERIDE 350 2015,33
879,FREERIDE 250 R 2015,33
880,FREERIDE 250 R 2014,33
881,FREERIDE 350 2013,33
882,FREERIDE 350 2014,33
883,S63 AMG MATIC 쿠페,1
884,CLA250 4MATIC,1
885,시트로엘 DS5 2.0 HDI,25
886,시트로엥 DS4 2.0 HDI,25
887,푸조 Expert tepee 2.0 HDI,25
888,푸조 508sw 2.0 HDI,25
889,푸조 508 2.0 HDI,25
890,푸조 308cc 2.0 HDI,25
891,S500 HYBRID,1
892,S60CC,14
893,V60CC,14
894,New Continental GTC Speed,18
895,New Continental GT V8,18
896,Continental Supersports Convertible,18
897,Continental Flying Spur Speed,18
898,New Continental GT Speed,18
899,Continental Flying Spur,18
900,Flying Spur,18
901,New Continental GT,18
902,New Continental GTC V8,18
903,New Continental GTC,18
904,GL1800B,27
905,GL1800(SC47),27
906,GL1800(SC68),27
907,마칸 터보,9
908,크라이슬러 C200,15
909,S63 AMG MATIC 롱,1
910,마세라티 GranTurismo,7
911,마세라티 GranCabrio,7
912,RAV4 2WD,26
913,RAV4 4WD,26
914,CC,18
915,Jetta,18
916,EOS,18
917,GOLF,18
918,TGS 28.440 6*2-2 BL,17
919,TGM 18.340 4*2 BB,17
920,MINI Cooper Clubman,4
921,i3,4
922,MINI John Cooper Works,4
923,MINI Cooper D 5door,4
924,MINI Cooper S 5 door,4
925,MINI Cooper S Clubman,4
926,MINI Cooper 5 door,4
927,롤스로이스 팬텀 2,4
928,CHIEF DARK HORSE,28
929,ROADMASTER,28
930,CHIEF CLASSIC,28
931,CHIEF VINTAGE,28
932,CHIEFTAIN,28
933,Tiguan,18
934,Scirocco,18
935,Passat EUR,18
936,Passat US,18
937,TGM 18.340 4*2 BL,17
938,GSX-R1000A,21
939,GSX-S1000FA,21
940,GSX-S1000A,21
941,E350 Bluetec 4Matic,1
942,E220 Bluetec,1
943,E250 Bluetec 4Matic,1
944,CLS250 BlueTEC 4Matic,1
945,C250 Bluetec 4Matic,1
946,C300 4Matic,1
947,QM5 디젤,31
948,S63 AMG,1
949,S63 AMG 4MATIC Coupe,1
950,S63 AMG 4MATIC Convertible,1
951,S63 AMG 4MATIC Long,1
952,스카니아 카고트럭,47
953,캘리포니아 T,7
954,Fusion,16
955,V60CC(FZA8),14
956,S80(A70),14
957,250 SX-F,33
958,YZF-R1M,11
959,XC70(BZ73),14
960,XC60(DZA8),14
961,XC60(D70),14
962,S60CC(FHA8),14
963,GranTurismo,7
964,짚체로키,15
965,스카니아 카코트럭,47
966,스카니아 트랙터,47
967,FM카고,24
968,FH카고,24
969,W800,37
970,이베코 26.5톤 카고트럭,48
971,FH 트랙터,24
972,코란도C,38
973,VT750CS,27
974,VFR1200F,27
975,VFR1200FD,27
976,VFR1200X,27
977,XW300,49
978,XW500,49
979,AT500,49
980,RW600,49
981,JS600,49
982,BX500ver2,49
983,BX300,49
984,RW300,49
985,RW500,49
986,JX300,49
987,RW400,49
988,BMW C 650 GT,20
989,Arocs,39
990,구형 투싼(LM),10
991,SM5(LPG),31
992,FL카고,24
993,C230,1
994,C300,1
995,C280,1
996,C300 4MATIC,1
997,C350 4MATIC,1
998,C200 KOMPRESSOR,1
999,C280 4MATIC,1
1000,프리몬트 JF,15
1001,짚체로키 KL,15
1002,짚체로키 KJ,15
1003,짚그랜드체로키 WJ/WG,15
1004,짚컴패스 MK,15
1005,구형 제네시스(BH),10
1006,에쿠스,10
1007,DL1000L5,21
1008,DL1000L4,21
1009,DL1000L6,21
1010,AN650ZA,21
1011,DL650A,21
1012,콰트로 포르테 S Q4,7
1013,콰트로 포르테 350,7
1014,콰트로 포르테 GTS,7
1015,콰트로 포르테 Diesel,7
1016,기블리 350,7
1017,기블리 Diesel,7
1018,기블리 S Q4,7
1019,사브,2
1020,Passat 1.8 TSI(US),18
1021,카이엔 S 하이브리드,9
1022,카이엔 S 디젤,9
1023,카이엔 S E-하이브리드,9
1024,카이엔 디젤 플래티늄에디션,9
1025,카이엔 플래티늄에디션,9
1026,카이엔 GTS,9
1027,카이엔 터보 S,9
1028,넥스트 스파크,5
1029,Grand C4 Picasso 2.0 Blue-HDi,25
1030,Citroen C4 Picasso 1.6 Blue-HDi,25
1031,Grand C4 Picasso 1.6 Blue-HDi,25
1032,308SW 2.0 Blue-Hdi(T9),25
1033,308 2.0 Blue-Hdi(T9),25
1034,308SW 1.6 Blue-Hdi(T9),25
1035,308 1.6 Blue-Hdi(T9),25
1036,GLC 220 BLUETEC 4MATIC,1
1037,아반떼 HD,10
1038,K5 TF,19
1039,쏘나타 YF,10
1040,K9,19
1041,Touareg 3.0 TDI,18
1042,Touareg 4.2 TDI,18
1043,Tiguan 2.0 TDI BMT,18
1044,아우디 Q5,18
1045,아베오,5
1046,소나타 LF,10
1047,아반떼 AD,10
1048,렉서스 ES350,26
1049,렉서스 GS300,26
1050,랜드로버 디스커버리스포츠 디젤,30
1051,랜드로버 이보크 디젤,30
1052,재규어 XF 가솔린,30
1053,재규어 XE 디젤,30
1054,재규어 XF 디젤,30
1055,SLK 200,1
1056,토요타 아발론,26
1057,420d Coupe,4
1058,320d xDrive,4
1059,420d xDrive Coupe,4
1060,320d xDrive Touring,4
1061,420d xDrive Gran Coupe,4
1062,320d xDrive GT,4
1063,32d ED,4
1064,Citaro,39
1065,1290 SUPER ADVENTURE,33
1066,E400 4MATIC,1
1067,E350 BLUETEC,1
1068,E450 AMG SPORT 4MATIC,1
1069,E300 4MATIC,1
1070,CIVIC FD1,23
1071,INSIGHT ZE2,23
1072,CIVIC FD3,23
1073,CIVIC FD2,23
1074,CR-Z ZF1,23
1075,Unimog 400,39
1076,Unimog 300,39
1077,무라노,13
1078,시트로엥 DS5 2.0 Blue-Hdi,25
1079,푸조 308 2.0 Blue-HDi(T9),25
1080,푸조 308SW 2.0 Blue-HDi(T9),25
1081,Unimog U530,39
1082,Unimog U5023,39
1083,Unimog 500,39
1084,730d xDrive,4
1085,730Ld xDrive,4
1086,750Li xDrive,4
1087,250 SX-F FactoryEdition,33
1088,인정로우베드 트레일러,50
1089,라세티 프리미어(경유),5
1090,Passat B6 2.0 TDI,18
1091,SLK 55 AMG,1
1092,SLC 43 AMG,1
1093,두카티 XDiavel S,8
1094,디스커버리스포츠 디젤,30
1095,레인지로버 스포츠 디젤,30
1096,디스커버리 4 디젤,30
1097,레인지로버 디젤,30
1098,AMG GT S,1
1099,GLA 45 AMG 4MATIC,1
1100,A 45 AMG 4MATIC,1
1101,C220 BLUETEC 4 MATIC,1
1102,ML 350 BLUETEC 4MATIC,1
1103,짚그랜드체로키 WK,15
1104,아우디 S8,18
1105,SL400,1
1106,Nouvelle Peugeot 207,25
1107,Nouvelle Peugeot 207CC,25
1108,Arocs 특수,39
1109,Arocs 화물,39
1110,YZF-R3 RH07,11
1111,MT-03 RH07,11
1112,Polo,18
1113,Golf,18
1114,GSR600A,21
1115,V-STROM1000,21
1116,BURGMAN400,21
1117,GSX1300R,21
1118,INTRUDER 1800,21
1119,GSX1300BK/A,21
1120,GLADIUS650,21
1121,대우트랙터,32
1122,대우19.5톤 단축카고트럭,32
1123,대우16.5톤 표준카고트럭,32
1124,대우 9.5톤 초장축저상카고트럭,32
1125,대우 8.5톤표준카고트럭,32
1126,대우9.5톤 장축저상카고트럭,32
1127,대우 9.5톤 단축저상카고트럭,32
1128,XJ 디젤,30
1129,대우25톤 장축카고트럭,32
1130,대우14톤장축카고트럭,32
1131,대우 11.5톤 카고트럭,32
1132,대우19톤장축카고트럭,32
1133,대우18톤장축카고트럭,32
1134,대우18톤 초장축카고트럭,32
1135,대우16톤 표준카고트럭,32
1136,918 스파이더,9
1137,XF 2.2D,30
1138,LEGEND,23
1139,CIVIC,23
1140,INSIGHT,23
1141,LEGEND KB2,23
1142,LEGEND KB1,23
1143,ACCORD,23
1144,X3 xDrive20i,4
1145,X3 xDrive30d,4
1146,X3 xDrive35i,4
1147,X3 xDrive35d,4
1148,X4 xDrive28i,4
1149,X4 xDrive30d,4
1150,X4 xDrive20d,4
1151,X4 M40i,4
1152,CLA 200 CDI 4MATIC,1
1153,CLA 200 CDI,1
1154,X3 xDrive28i,4
1155,X3 xDrive28d,4
1156,X3 xDrive20d,4
1157,SPINGFIELD,28
1158,CT200h,26
1159,프리우스 PHV,26
1160,F-PACE,30
1161,디스커버리 스포츠,30
1162,A8 4.2 FSI Quattro,18
1163,Mondeo,16
1164,FX212 디젤,42
1165,BX212 디젤,42
1166,FX120 CNG,42
1167,300C LX,15
1168,그랜드보이저 RT,15
1169,FXSE,6
1170,FLSTFBS,6
1171,FLSS,6
1172,인피니티 FX35,13
1173,인피니티 FX45,13
1174,C200 BLUETEC,1
1175,리프,13
1176,티볼리(디젤),38
1177,SM6 2.0(LPe),31
1178,투싼(TL),10
1179,그랜저(TG),10
1180,Jetta 2.0 TDI,18
1181,CC 2.0 TDI,18
1182,Tiguan 2.0 TDI,18
1183,The Beetle 2.0 TDI,18
1184,Scirocco R-line,18
1185,Polo 1.6 TDI,18
1186,Passat 2.0 TDI,18
1187,Jetta 1.6 TDI,18
1188,M3 convertible,4
1189,M3 Coupe,4
1190,325xi Touring,4
1191,X5 3.0i,4
1192,X5 4.4i,4
1193,540i,4
1194,C63 AMG S,1
1195,스파크 EV,5
1196,S350d,1
1197,S350d 4M,1
1198,S350d Long,1
1199,S90,14
1200,Q7 3.0 TDI Quattro,18
1201,S350d 4 Long,1
1202,M4,4
1203,M6 Gran Coupe,4
1204,Gran Turismo 30d,4
1205,X5 M,4
1206,X5 xDrive35i,4
1207,X5 xDrive30d,4
1208,X5 xDrive30i,4
1209,X5 xDrive48i,4
1210,650i Convertible,4
1211,X5 xDrive50i,4
1212,X6 xDrive30d,4
1213,X6 ActiveHybrid,4
1214,X6 M,4
1215,X6 xDrive50i,4
1216,550i xDrive,4
1217,Q7 35 TDI quattro,18
1218,Q7 45 TDI quattro,18
1219,쏘나타(LF),10
1220,쏘나타 하이브리드(LF HEV),10
1221,Mustang(CONV/CONP),16
1222,Xdiavel,8
1223,XDiavel S,8
1224,Citroen Grand C4 Picasso 1.6 Blue-HDi,25
1225,Peugeot 2008 1.6 Blue-HDi,25
1226,DS3 1.6 Blue-HDi,25
1227,Peugeot 508 1.6 Blue-HDi GT Line,25
1228,Peugeot 508SW 1.6 Blue-HDi,25
1229,Peugeot 508 1.6 Blue-HDi,25
1230,Peugeot 308SW 1.6 Blue-HDi,25
1231,Peugeot 3008 1.6 Blue-HDi,25
1232,Peugeot 308 1.6 Blue-HDi,25
1233,맥스크루즈(NC),10
1234,그랜드스타렉스(TQ),10
1235,MSX125(MSX125),27
1236,FORZA(NSS300),27
1237,SH Mode(FSH125),27
1238,SUPER CUB(NBC110),27
1239,마칸 GTS,9
1240,마칸 S 디젤,9
1241,E450 AMG SPORT,1
1242,E350 BLUTEC,1
1243,S63 AMG 4M Cabriolet,1
1244,S63 AMG 4M Coupe,1
1245,Golf A7 1.4 TSI,18
1246,Golf A7 2.0 GTI,18
1247,320d xDrive Gran Turismo,4
1248,인피니티 Q30,13
1249,Q5 2.0 TFSI quattro,18
1250,Q7 4.2 FSI quattro,18
1251,A3 35TFSI,18
1252,220d Coupe,4
1253,코란도 투리스모 승합,38
1254,코란도 투리스모 승용,38
1255,R 1200 GS Adventure,20
1256,R 1200 RS,20
1257,F-Type,30
1258,(부품판매)760Li,4
1259,Gran Turismo 50i xDrive,4
1260,Gran Turismo 35i,4
1261,Gran Turismo 35i xDrive,4
1262,730Ld,4
1263,740i,4
1264,730d,4
1265,(부품판매)750Li,4
1266,(부품판매)520d,4
1267,(부품판매)740Li,4
1268,(부품판매)528i,4
1269,Rolls-Royce Ghost,4
1270,구형 스포티지(KM),19
1271,740d xDrive,4
1272,Gran Turismo 30d xDrive,4
1273,740d,4
1274,M550d xDrive,4
1275,640d xDrive Gran Coupe,4
1276,740Li,4
1277,Rolls-Royce Ghost EWB,4
1278,(부품판매)Gran Turismo 35i,4
1279,X5 xDrive40d,4
1280,X6 xDrive40d,4
1281,X5 M50d,4
1282,X6 M50d,4
1283,530d xDrive,4
1284,콰트로포르테 Diesel,7
1285,콰트로포르테 그란루소 SQ4,7
1286,S65 AMG Coupe,1
1287,A4 2.0 TFSI quattro,18
1288,A5 2.0 TFSI quattro,18
1289,A4 2.0 TFSI mu.,18
1290,A4 30 TDI,18
1291,Q5 2.0 TDI quattro,18
1292,콰트로포르테 350,7
1293,콰트로포르테 그란루소 Diesel,7
1294,기블리 SQ4,7
1295,콰트로포르테 350 그란루소,7
1296,1190 ADVENTURE,33
1297,1190 ADVENTURE R,33
1298,다마스 밴,5
1299,Explorer,16
1300,428i Convertible,4
1301,ActiveHybrid X6,4
1302,Z4 sDrive 28i,4
1303,Citroen C4 Picasso 2.0 Blue-HDi,25
1304,렉서스 RX350,26
1305,렉서스 RX450h,26
1306,458 이탈리아,7
1307,캘리포니아,7
1308,짚체로키 KL (2.0L 디젤),15
1309,짚랭글러 JK,15
1310,짚체로키 KL (2.4L 가솔린),15
1311,짚레니게이드 BU,15
1312,200 UF,15
1313,DL650XA,21
1314,GL500 4M,1
1315,ML350 BLUETEC 4M,1
1316,GLE350 D 4M,1
1317,ML250 BLUETEC 4M,1
1318,AMG GLE 63 S 4M,1
1319,ML350 4M,1
1320,GL350 BLUETEC 4M,1
1321,ML63 AMG,1
1322,E400 Cabriolet,1
1323,E200 Cabriolet,1
1324,E200 Coupe,1
1325,E400 Coupe,1
1326,렉서스 NT200t,26
1327,렉서스 NX300h,26
1328,V40CC,14
1329,스포티지(QL),19
1330,아반떼(AD),10
1331,이보크 디젤,30
1332,디스커버리 스포츠 디젤,30
1333,무라노 하이브리드,13
1334,르반떼S,7
1335,짚그랜드체로키 3.6 휘발유 WK,15
1336,악트로스,39
1337,911 터보 S,9
1338,911 타르가 4S,9
1339,Scrambler,8
1340,Scrambler Sixty2,8
1341,악트로스 930,39
1342,RVR,41
1343,르반떼 Diesel,7
1344,르반떼 Sport,7
1345,Peugeot 308 2.0 Blue-HDi,25
1346,Peugeot 308SW 2.0 Blue-HDi,25
1347,690 DUKE,33
1348,690 DUKE R,33
1349,325Ci Convertible,4
1350,ML350 BT 4M,1
1351,MINI Cooper D 5 door,4
1352,Gran Turismo ED,4
1353,MINI Cooper S Convertible,4
1354,M4 Convertible,4
1355,520d xDrive,4
1356,325Ci Coupe,4
1357,330Ci Coupe,4
1358,X1 xDrive20d,4
1359,X1 xDrive18d,4
1360,SLK300,1
1361,SLK280,1
1362,SLK350,1
1363,ML350 CDI 4MATIC,1
1364,SLK200 KOMPRESSOR,1
1365,ML350 4MATIC,1
1366,S400,1
1367,S500 MAYBACH,1
1368,ML280 CDI 4MATIC,1
1369,718 박스터,9
1370,아테고 967,39
1371,BS110(CNG),42
1372,FX120(CNG),42
1373,콰트로포르테 SQ4,7
1374,콰트로포르테 GTS,7
1375,기블리350,7
1376,GLE250d 4M,1
1377,GLS350d 4M,1
1378,GLE350d 4M,1
1379,XE,30
1380,뉴 말리부,5
1381,SM6(2.0 가솔린엔진 사양),31
1382,SM6,31
1383,SM6(LED 장착 사양),31
1384,Multistrada 1200S,8
1385,K7(YG),19
1386,니로(DE),19
1387,그랜저(IG),10
1388,아이오닉(AE),10
1389,Z4 sDrive35i,4
1390,335i Convertible,4
1391,1M Coupe,4
1392,람보르기니 Aventador,18
1393,람보르기니 Aventador Roadster,18
1394,1290 SUPER DUKE GT,33
1395,E220d,1
1396,E350d,1
1397,르반떼 350,7
1398,SPRINGFIELD,28
1399,마칸,9
1400,시트로엥 DS3 1.4 d-Hdi,25
1401,YZF-R3,11
1402,MT-03,11
1403,X5 xDrive35d,4
1404,X6 xDrive35i,4
1405,CC V90,14
1406,S 1000 XR,20
1407,무라노 HV,13
1408,718박스터,9
1409,911,9
1410,Golf A6 2.0 TDI,18
1411,EOS 2.0 TSI,18
1412,Golf 2.0 TDI DPF,18
1413,Golf 2.0 GT Sport TDI,18
1414,Golf 2.0 GTI 4 Door,18
1415,A3 2.0 TFSI,18
1416,Passat CC B6,18
1417,Passat Sedan B6,18
1418,Jetta 2.0 TDI CR,18
1419,Jetta 2.5,18
1420,SCR110알파,27
1421,"SM6(가솔린, 가솔린터보, LPG, 디젤)",31
1422,S 350 BLUETEC 4M,1
1423,CLS 350,1
1424,E 250 BLUETEC 4M,1
1425,E 220 D,1
1426,E 220 CDI,1
1427,C 220 BLUETEC,1
1428,S 63 AMG 4M,1
1429,S 400 4M,1
1430,AMG G 65,1
1431,AMG G 63,1
1432,S 600,1
1433,E 200,1
1434,C 200 BLUETEC,1
1435,E 350,1
1436,E 300 4M,1
1437,E 300,1
1438,GLK 220 CDI 4M,1
1439,E 250 CDI 4M,1
1440,ML 250 BLUETEC 4M,1
1441,S 500,1
1442,S 500 MAYBACH,1
1443,FM 카고,24
1444,FH 카고,24
1445,FM 트랙터,24
1446,A5 40(2.0) Cabriolet quattro,18
1447,A6 40(2.0) TFSI quattro,18
1448,A6 2.0 TFSI,18
1449,A5 40(2.0) TFSI quattro,18
1450,A4 40(2.0) TFSI quattro,18
1451,캐시카이,13
1452,MT-09A RN435,11
1453,MT-09TRA RN29F,11
1454,MT-09A RN296,11
1455,MT-09A RN29S,11
1456,XSR900 RN431,11
1457,MT-09TRA RN438,11
1458,NBC110,27
1459,MINI 쿠퍼 D 5도어,4
1460,아테고,39
1461,A6 3.0 quattro,18
1462,RS4 saloon 4.2,18
1463,A6 3.0 TDI quattro,18
1464,A4 saloon 2.0,18
1465,A6 3.2 FSI quattro,18
1466,A4 3.2 FSI quattro,18
1467,A6 4.2 quattro,18
1468,A6 saloon 2.4,18
1469,RS4 4.2 quattro,18
1470,A4 1.8T,18
1471,A3 sportsback,18
1472,A3 sportsback 2.0,18
1473,A4 Cabriolet 2.0 TFSI,18
1474,A5 2.0 Cabriolet,18
1475,Q5 3.0 TDI quattro,18
1476,Q5 3.2 quattro,18
1477,Q5 35 TDI quattro,18
1478,A4 2.0T,18
1479,A6 2.4,18
1480,S4 4.2 quattro,18
1481,A4 3.2 quattro,18
1482,그랜저(IG) LPI,10
1483,쏘나타(LF) LPI,10
1484,그랜드 스타렉스(TQ) 왜건,10
1485,Peugeot 208 1.6 Blue-HDi,25
1486,그랜저(HG),10
1487,쏘나타(YF),10
1488,K7(VG),19
1489,스포티지(SL),19
1490,K5(TF),19
1491,300C LE,15
1492,듀량고 HB,15
1493,다코타 ND,15
1494,레인지로버 스포츠,30
1495,레인지로버,30
1496,Mustang,16
1497,Focus,16
1498,Escape,16
1499,Citroen C4 Cactus 1.6 Blue-HDi,25
1500,SV650A L7,21
1501,재규어 XF,30
1502,마칸 가솔린,9
1503,렉서스 IS250C,26
1504,토요타 시에나(2.7L),26
1505,토요타 코롤라,26
1506,토요타 시에나(3.5L),26
1507,유니목 U5023,39
1508,Multistrada 1200 ENDURO,8
1509,GLA 200d 4MATIC,1
1510,GLA 200d,1
1511,E 400 4MATIC,1
1512,E 300 4MATIC,1
1513,E 220d,1
1514,C 200,1
1515,에쿠스(VI),10
1516,제네시스(DH),10
1517,투산(LM),10
1518,싼타페(CM),10
1519,구형 스포티지(SL),19
1520,구형 카니발(VQ),19
1521,구형 쏘렌토(XM),19
1522,SLK 350,1
1523,SLC 200,1
1524,AMG SLC 43,1
1525,스프린터 906,39
1526,컨티넨탈,16
1527,Taurus,16
1528,기블리,7
1529,콰트로포르테 그란루소 S Q4,7
1530,콰트로포르테 그란루소 350,7
1531,콰트로포르테 그란루소 GTS,7
1532,기블리 diesel,7
1533,르반떼,7
1534,르반떼 S,7
1535,콰트로포르테 S Q4,7
1536,콰트로포르테 그란스포트 GTS,7
1537,콰트로포르테 그란스포트 S Q4,7
1538,푸조 308SW 2.0 Blue-Hdi,25
1539,푸조 308 1.6 Blue-Hdi,25
1540,푸조 308 2.0 Blue-Hdi,25
1541,G 310 R,20
1542,AMG GLA 45 4MATIC,1
1543,B 200d,1
1544,GLA 200 CDI 4MATIC,1
1545,AMG CLA 45 4MATIC,1
1546,A 200,1
1547,G 350 D,1
1548,G 500,1
1549,G 350 BLUETEC,1
1550,인피니티 M35,13
1551,인피니티 M45,13
1552,아반떼(MD),10
1553,i30(GD),10
1554,B 200,1
1555,A 200 CDI,1
1556,B 200 CDI,1
1557,B 250,1
1558,A 250,1
1559,A6 50 TFSI,18
1560,A7 50 TFSI,18
1561,MINI 쿠퍼 SD 클럽맨,4
1562,MINI 쿠퍼 S 클럽맨,4
1563,740Li xDrive,4
1564,M760Li xDrive,4
1565,X1 xDrive 20d,4
1566,X1 xDrive 18d,4
1567,MINI 쿠퍼 D 클럽맨,4
1568,MINI 쿠퍼 클럽맨,4
1569,MINI 쿠퍼 SD 5도어,4
1570,MINI 쿠퍼 S 5도어,4
1571,MINI 쿠퍼 5도어,4
1572,씨트로엥 DS3 1.6 VTi,25
1573,씨트로엥 DS3 1.4 e-HDi,25
1574,씨트로엥 DS4 크로스백 1.6 Blue-HDi,25
1575,씨트로엥 DS5 2.0 Blue-HDi,25
1576,씨트로엥 DS5 2.0 HDi,25
1577,씨트로엥 DS3 1.6 Blue-HDi,25
1578,씨트로엥 DS4 1.6 e-HDi,25
1579,씨트로엥 DS3 1.6 Blue-Hdi 카브리올레,25
1580,씨트로엥 DS3 1.6 e-HDi,25
1581,씨트로엥 DS3 R6,25
1582,레인지로버 이보크,30
1583,애스턴마틴 DB11,51
1584,AMG E63 4MATIC,1
1585,푸조 3008 1.6 Blue-HDi,25
1586,푸조 3008 1.6 e-HDi,25
1587,푸조 3008 1.6 HDi MCP,25
1588,푸조 3008 1.6 HDi MCP E5,25
1589,푸조 3008 2.0 HDi,25
1590,악트로스(2463LS),39
1591,코란도투리스모,38
1592,Q5 35(2.0) TDI quattro,18
1593,아록스,39
1594,악트로스(2658LS),39
1595,Q3 30TDI quattro,18
1596,Q3 35TDI quattro,18
1597,Q5 45(3.0) TDI quattro,18
1598,SQ5 TDI quattro,18
1599,Q5 2.0 quattro,18
1600,F-TYPE,30
1601,푸조 508 2.0 Blue-Hdi,25
1602,푸조 508 RXH 2.0 Blue-Hdi,25
1603,푸조 308 SW 2.0 Blue-Hdi,25
1604,푸조 508 SW 2.0 Blue-Hdi,25
1605,S 560 4MATIC,1
1606,S 560 4MATIC MAYBACH S,1
1607,GLS350 d 4MATIC,1
1608,GLE63 4MATIC,1
1609,A200 d,1
1610,A200,1
1611,C180,1
1612,C200 COUPE,1
1613,AMG A45 4MATIC,1
1614,B160d,1
1615,B200d,1
1616,B180d,1
1617,S350d long,1
1618,S400 4MATIC,1
1619,S350d 4MATIC,1
1620,GLC250d 4MATIC,1
1621,S350d 4MATIC long,1
1622,MAYBACH S500 4MATIC,1
1623,MAYBACH S600,1
1624,C63,1
1625,C200d,1
1626,C250d 4MATIC,1
1627,C220d,1
1628,C220d 4MATIC,1
1629,GLC220d 4MATIC,1
1630,C200 CONVERTIBLE,1
1631,GLC300 4MATIC,1
1632,GL400 4MATIC,1
1633,GLE63 S 4MATIC,1
1634,GLE250 d 4MATIC,1
1635,GLS500 4MATIC,1
1636,GLE350 d 4MATIC,1
1637,NMS 파사트 2.0 TDI,18
1638,VERSYS-X 300 ABS TOURER,37
1639,640d Gran Coupe xDrive M,4
1640,430i M,4
1641,X3 3.0d,4
1642,X3 3.0i,4
1643,캘리버 PM,15
1644,세브링 JS,15
1645,Mercedes-MAYBACH S600,1
1646,Mercedes-AMG C63 Coupe,1
1647,S400d 4MATIC L,1
1648,GLC 250d 4MATIC,1
1649,S350dL,1
1650,S350d 4MATIC L,1
1651,S500d 4MATIC L,1
1652,C220d Coupe,1
1653,C200 Coupe,1
1654,GLC 220d 4MATIC,1
1655,Mercedes-MAYBACH S500 4MATIC,1
1656,아이오닉 일렉트릭,10
1657,R Nine T,20
1658,아록스 964(2643 6X4),39
1659,아록스 964(2643LS 6X2),39
1660,악트록스 963(2643LS 6X2),39
1661,아록스 964(3543 8X4),39
1662,아록스 964(2648LS 6X2),39
1663,아테고 970(1226 4X2),39
1664,악트록스930(2648L 6X4),39
1665,악트록스 930(2641L 6X4),39
1666,아테고 970(1229 4X2),39
1667,아테고 970(1230 4X2),39
1668,맥스크루즈,10
1669,530i xDrive,4
1670,G80,10
1671,M6 Coupe,4
1672,125 DUKE,33
1673,390 DUKE,33
1674,아록스(3551L 8X4),39
1675,봉고 3트럭(PU) 디젤,19
1676,카니발(YP) 디젤,19
1677,시에나 2.7L,26
1678,렉서스 Is250,26
1679,코롤라,26
1680,CC 2.0 TDI GP BMT,18
1681,GLS 350d 4MATIC,1
1682,CLS 250 d MATIC,1
1683,S350 d 4MATIC,1
1684,Mercedes-AMG GLC 43 4MATIC Coupe,1
1685,C200 Cabriolet,1
1686,GLE 350d 4MATIC Coupe,1
1687,E220d 4MATIC,1
1688,X5 xDrive30d(7인승),4
1689,CC 2.0 TSI GP,18
1690,CC 2.0 TDI 4M GP,18
1691,Mercedes-AMG GT,1
1692,GLE 350d 4MATIC,1
1693,GLS 500 4MATIC,1
1694,Mercedes-AMG E 43 4MATIC,1
1695,Mercedes-AMG GLC 43 4MATIC,1
1696,Mercedes-AMG S 63 4MATIC,1
1697,GLC 220d 4MATIC Coupe,1
1698,Mercedes-AMG CLS 63 S 4MATIC,1
1699,S400 4MATIC Coupe,1
1700,S400 4MATIC L,1
1701,GLE 250d 4MATIC,1
1702,링컨 MKZ,16
1703,GTS125EFI(LM12W6),22
1704,GTS125EVO(LM12W5),22
1705,JOYRIDE200EVO(LF18),22
1706,GTS300EVO(LM30W),22
1707,쏘울(PS),19
1708,328i Convertible,4
1709,335is Convertible,4
1710,335is Coupe,4
1711,M3 Convertible,4
1712,X5 3.0d,4
1713,X5 3.0si,4
1714,X1 xdrive25d,4
1715,X1 xdrive20d,4
1716,328i Coupe,4
1717,120d Coupe,4
1718,X1 xdrive23d,4
1719,X3 3.0 si,4
1720,328xi Coupe,4
1721,X3 2.5si,4
1722,135is Coupe,4
1723,335xi Coupe,4
1724,X1 xDrive23d,4
1725,X5 4.8i,4
1726,335i Coupe,4
1727,335xi,4
1728,X3 2.0d,4
1729,128i Coupe,4
1730,135i Coupe,4
1731,TGX 트랙터,17
1732,MP3 300 YOURAN,52
1733,모하비(HM),19
1734,DS5 2.0 Blue-Hdi,25
1735,C4 Cactus 1.6 Blue-Hdi,25
1736,3008 GT 2.0 Blue-Hdi,25
1737,CBR1000S1,27
1738,CBR1000RA,27
1739,Accord 2.4,23
1740,라보 특장차,5
1741,포르테(TD),19
1742,K3(YD),19
1743,V40 CC,14
1744,Peugeot 5008 GT 2.0 Blue-HDi,25
1745,Peugeot 3008 GT 2.0 Blue-HDi,25
1746,Peugeot 5008 1.6 Blue-HDi,25
1747,M2,4
1748,X5 xDrive 30d,4
1749,MW125 2CM3,11
1750,MW125 2CMV,11
1751,MW125 2CMG,11
1752,Q5 35(2.0) TDI Quattro,18
1753,Q5 45(3.0) TDI Quattro,18
1754,Q5 3.0 TDI Quattro,18
1755,SQ5 TDI Quattro,18
1756,Q3 35 TDI Quattro,18
1757,Q3 30 TDI Quattro,18
1758,A5 40 TFSI Quattro,18
1759,Q5 45(2.0) TDI Quattro,18
1760,Q5 2.0 TDI Quattro,18
1761,A5 Sportback 35 TDI Quattro,18
1762,A5 40 Cabriolet Quattro,18
1763,A4 35 TDI Quattro,18
1764,A4 40 TFSI,18
1765,AMG C 63,1
1766,AMG C 63 Coupe,1
1767,S400 4Matic,1
1768,S350 BlueTec,1
1769,S350d 4Matic,1
1770,S350 BlueTec L,1
1771,AMG S 63 4Matic,1
1772,C220 BlueTec,1
1773,AMG C 63 S,1
1774,AMG C 63 S Coupe,1
1775,AMG C 63 Cabriolet,1
1776,Range Rover Sports,30
1777,코멧650,3
1778,쏘나타(NF),10
1779,MEDLEY 125 ABS,52
1780,MEDLEY 125,52
1781,짚레니게이트 BU,15
1782,B 180,1
1783,Mercedes-AMG CLA 45 4MATIC,1
1784,Mercedes-AMG C 63,1
1785,C 300 4MATIC,1
1786,C 250 CGI,1
1787,Mercedes-AMG A 45 4MATIC,1
1788,A 180 CDI,1
1789,E 220 d,1
1790,S 350 d,1
1791,S 350 d L,1
1792,Mercedes-AMG S 65 Coupe,1
1793,Mercedes-AMG S 65 L,1
1794,S 400,1
1795,포레스터,34
1796,GLC 220 d 4MATIC Coupe,1
1797,GLC 250 d 4MATIC,1
1798,GLC 250 d 4MATIC Coupe,1
1799,GLC 220 d 4MATIC,1
1800,Peugeot 508SW 1.6 e-HDi,25
1801,Peugeot 508 1.6 e-HDi,25
1802,Peugeot 3008 1.6 e-HDi,25
1803,"콰트로포르테 350, 콰트로포르테 S Q4",7
1804,"기블리, 기블리 S Q4",7
1805,Citroen Grand C4 Picasso 2.0 Blue-HDi,25
1806,Citroen DS3 1.6 Blue-HDi Cabriolet,25
1807,Citroen DS4 1.6 e-HD,25
1808,Polo1.6 TDI,18
1809,Golf Cabrio,18
1810,A5 2.0 Cabrio,18
1811,Q30,13
1812,Lion's City CNG,17
1813,DB9,51
1814,MINI Cooper S 5 Door,4
1815,MINI Cooper D 5 Door,4
1816,쏘렌토(UM),19
1817,MTS1200S,8
1818,XDIAVEL S,8
1819,Panigale R JAP,8
1820,Panigale 1299,8
1821,Panigale 1299 SUPERLEGGERA,8
1822,Panigale 1299 Final edition,8
1823,SCRAMBLER CAF RACER,8
1824,M1200S,8
1825,M1200R,8
1826,M1200S MY17,8
1827,Citroen DS3 1.6 e-HDi Cabriolet,25
1828,Citroen DS3 1.6 e-HDi,25
1829,Citroen DS4 2.0 HDi,25
1830,Citroen DS4 1.6 e-HDi,25
1831,Citroen DS5 2.0 HDi,25
1832,QM6 2.0 dCi,31
1833,ActiveHybrid 3,4
1834,F 800 GS,20
1835,C 650 GT,20
1836,C 650 SPORT,20
1837,X1 xDrive25d,4
1838,GLS 350 d 4MATIC,1
1839,Mercedes-AMG E 63 4MATIC+,1
1840,640i Gran Coupe,4
1841,428i Coupe,4
1842,Mercedes-AMG GLE 63 S 4MATIC,1
1843,Mercedes-MAYBACH S 560 4MATIC,1
1844,Mercedes-MAYBACH S 500 4MATIC,1
1845,Mercedes-MAYBACH S 600,1
1846,S 500 4MATIC,1
1847,Mercedes-AMG S 65,1
1848,S 400 4MATIC L,1
1849,S 350 d 4MATIC L,1
1850,S 350 d 4MATIC,1
1851,X6 50i,4
1852,토요타 시에나 2WD,26
1853,토요타 시에나 4WD,26
1854,C 300 4MATIC Coupe,1
1855,AMG C 43 4MATIC Coupe,1
1856,CROSSTOUR,23
1857,PILOT,23
1858,AMG GLC 43 4MATIC,1
1859,GLC 350 e 4MATIC,1
1860,GLC 300 4MATIC,1
1861,AMG GLC 43 4MATIC Coupe,1
1862,AMG C 43 4MATIC Cabriolet,1
1863,C 200 Cabriolet,1
1864,Mercedes-AMG C 63 S Coupe,1
1865,Mercedes-AMG C 63 Coupe,1
1866,C 180,1
1867,C 180 CDI,1
1868,E 350 Cabriolet,1
1869,C 220 d,1
1870,C 220 d 4MATIC,1
1871,C 250 d 4MATIC,1
1872,C 200 d,1
1873,C 200 4MATIC,1
1874,C 350 e,1
1875,AMG C 450 4MATIC,1
1876,C 220 d Coupe,1
1877,C 220 d 4MATIC Coupe,1
1878,C 180 Coupe,1
1879,C 200 Coupe,1
1880,C 300 Coupe,1
1881,RSV4 1000,53
1882,RSV4 1000 RR/RF,53
1883,TUONO V4 1100,53
1884,Mercedes-AMG GLE 63 4MATIC,1
1885,GLE 350 d 4MATIC,1
1886,GLE 250 d 4MATIC,1
1887,DB11,51
1888,F4 RR,54
1889,F4 RC,54
1890,Ghost,4
1891,DRAGSTER 800 RR,54
1892,1290 SUPER DUKE GT 2017,33
1893,1290 SUPER DUKE GT 2016,33
1894,1290 SUPER DUKE R 2017,33
1895,1290 SUPER DUKE R 2016,33
1896,1290 SUPER DUKE R 2015,33
1897,690 DUKE R 2017,33
1898,690 DUKE R 2016,33
1899,690 DUKE R 2015,33
1900,QM3 1.5 dCi,31
1901,Q5 35 TDI Quattro,18
1902,Q5 45 TDI Quattro,18
1903,A4 40 TFSI Quattro,18
1904,GSX-R1000A/RA L7,21
1905,쏘나타 플러그인하이브리드(LF PHEV),10
1906,쏘나타 하이브리드(LF HEV,10
1907,쏘나타 플러그인 하이브리드(LF PHEV),10
1908,K5 플러그인 하이브리드,19
1909,오텍뉴파워 냉동탑차,55
1910,오텍뉴파워 내장탑차,55
1911,FF,7
1912,458 스파이더,7
1913,유니목 U530,39
1914,Mercedes-Maybach S 500 4MATIC,1
1915,Mercedes-Maybach S 600,1
1916,S 400 4MATIC,1
1917,2014년식 Escape,16
1918,2013년식 Fusion,16
1919,2014-2015년식 Escape,16
1920,2015년식 MKC,16
1921,Peugeot 508SW 2.0 Blue-HDi,25
1922,Peugeot 508 RXH 2.0 Blue-HDi,25
1923,Peugeot 508 2.0 Blue-HDi,25
1924,B 160 CDI,1
1925,B 180 CDI,1
1926,2010-2011년형 Mustang,16
1927,A 180,1
1928,AMG A 45 4MATIC,1
1929,B 200 d,1
1930,A 200 d,1
1931,GLA 250 4MATIC,1
1932,GLA 250,1
1933,GLA 180 CDI,1
1934,GLA 200 d,1
1935,GLA 200 d 4MATIC,1
1936,CLA 180,1
1937,CLA 250,1
1938,CLA 200 d,1
1939,CLA 200 d 4MATIC,1
1940,Jetta 1.6 TDI BMT,18
1941,Golf 1.6 TDI BMT,18
1942,CC 2.0 TDI BMT,18
1943,2012년형 Mustang,16
1944,488GTB,7
1945,128i,4
1946,A6 50 TFSI Quattro,18
1947,A7 50 TFSI Quattro,18
1948,Z4 sDrive30i,4
1949,Z4 3.0si,4
1950,X3 3.0si,4
1951,VRSCDXA,6
1952,FLTRSE3,6
1953,FLHRSE4,6
1954,FLHTCUSE3,6
1955,VRSCDX,6
1956,VRSCAWA AN,6
1957,VRSCAW,6
1958,VRSCF,6
1959,렉서스 RC F,26
1960,렉서스 GS F,26
1961,렉서스 LC500,26
1962,ZX-10R/ZX10RR,37
1963,320d EfficientDynamics,4
1964,2014-2015년식 Fusion,16
1965,2014-2016년식 MKZ,16
1966,Q5 45(3.0)TDI Quattro(차량용),18
1967,SQ5 TDI Quattro(차량용),18
1968,Q5 2.0 TDI Quattro(보수용),18
1969,Q5 3.0 TDI Quattro(보수용),18
1970,Q5 35 TDI Quattro(보수용),18
1971,Q5 45(3.0) TDI Quattro(보수용),18
1972,SQ5 TDI Quattro(보수용),18
1973,레인지로버 벨라,30
1974,E-PACE,30
1975,2017년식 Kuga,16
1976,Q5 2.0 TDI Quattro(차량용),18
1977,Q5 35 TDI Quattro(차량용),18
1978,Q5 45 TDI Quattro(차량용),18
1979,아이오닉 하이브리드(AE HEV),10
1980,레이(TAM),19
1981,모닝(TA),19
1982,아이오닉 플러그인하이브리드(AE PHEV),10
1983,니로 플러그인하이브리드(DE PHEV),19
1984,니로 하이브리드(DE HEV),19
1985,Touareg 4.2,18
1986,Touareg 3.6,18
1987,Touareg 3.2,18
1988,SM6 2.0 GDe,31
1989,SM6 1.6 TCe,31
1990,SM6 2.0 LPe,31
1991,SM6 1.5 dCi,31
1992,캐딜락 STS,2
1993,EQ900,10
1994,G70,10
1995,E 220 d Cabriolet,1
1996,E 200 Coupe,1
1997,Mercedes-AMG C 43 4MATIC,1
1998,C 220 d 4MATIC L,1
1999,E 400 Cabriolet,1
2000,2005-2009년형 Mustang,16
2001,B 220,1
2002,CLA 220,1
2003,GLA 220,1
2004,B 250 e,1
2005,카니발(YP),19
2006,BEVERLY 350 SPORT TOURING ABS,52
2007,ROADMASTER ELITE,28
2008,SPRINGFIELD DARK HORSE,28
2009,QM6 2.0 GDe,31
2010,ActiveHybrid 7,4
2011,MINI Cooper John Cooper Works,4
2012,MINI Cooper S Countryman,4
2013,MINI Cooper S Countryman ALL4,4
2014,MINI Cooper S Coupe,4
2015,2015-2016년식 Mondeo,16
2016,2016년식 Kuga,16
2017,아록스 964,39
2018,카니발(VQ),19
2019,아록스 964 1830L 외 3종,39
2020,아록스 964 2626LS 외 4종,39
2021,G2X,5
2022,E 400 4MATIC Coupe,1
2023,E 220 d Coupe,1
2024,Mercedes-AMG C 63 Cabriolet,1
2025,S 400 d,1
2026,S 400 d 4MATIC,1
2027,마세라티 르반떼 S,7
2028,마세라티 르반떼 디젤,7
2029,마세라티 콰트로포르테 S Q4,7
2030,마세라티 기블리 S Q4,7
2031,마세라티 기블리,7
2032,마세라티 기블리 디젤,7
2033,MINI Countryman,4
2034,MINI Cooper five-door,4
2035,MINI Cooper D five-door,4
2036,MINI Cooper Convertible,4
2037,Citroen DS3 1.6 Blue-HDi,25
2038,닛산 알티마 (2.5),13
2039,E 250 BlueTEC 4MATIC,1
2040,E 350 BlueTEC 4MATIC,1
2041,E 350 4MATIC,1
2042,E 250 CDI 4MATIC,1
2043,E 220 BlueTEC,1
2044,E 200 Cabriolet,1
2045,E 400 Coupe,1
2046,C 220 CDI,1
2047,C 200 BlueEFFICIENCY,1
2048,C 230 / C 250,1
2049,C 220 CDI 4MATIC,1
2050,C 220 CDI BlueEFFICIENCY,1
2051,GLK 220 CDI 4MATIC,1
2052,E 350 Coupe,1
2053,200,15
2054,BMW 730d xDrive,4
2055,BMW 630d xDrive,4
2056,BMW 530d,4
2057,BMW 520d,4
2058,BMW 420d xDrive Gran Coupe,4
2059,BMW 420d Gran Coupe,4
2060,BMW 320d xDrive Gran Turismo,4
2061,BMW 320d xDrive,4
2062,BMW 320d Touring,4
2063,BMW 118d,4
2064,BMW X5 xDrive30d,4
2065,BMW X3 xDrive20d,4
2066,BMW 320d,4
2067,BMW 320d Gran Turismo,4
2068,BMW 730Ld xDrive,4
2069,BMW 740d xDrive,4
2070,BMW 740Ld xDrive,4
2071,BMW Active Tourer,4
2072,BMW X1 xDrive18d,4
2073,BMW X1 xDrive20d,4
2074,BMW X2 xDrive20d,4
2075,MINI Cooper SD five-door,4
2076,Supersport,8
2077,Supersport S,8
2078,BMW X3 xDrive30d,4
2079,A4 40(2.0) TFSI qu.,18
2080,A5 40(2.0) Cabriolet qu.,18
2081,A5 40(2.0) TFSI qu.,18
2082,A6 40(2.0) TFSI qu.,18
2083,911 GT3 RS,9
2084,캐딜락 CT6,2
2085,레인지로버 스포츠 플러그인하이브리드,30
2086,레인지로버 플러그인하이브리드,30
2087,F12 Berlinetta,7
2088,BMW M5,4
2089,아벤타도르 쿠페,18
2090,아벤타도르 쿠페 50,18
2091,아벤타도르 로드스터 피렐리,18
2092,아벤타도르 로드스터,18
2093,Peugeot 3008 2.0 Blue-HDi,25
2094,Citroen Grand C4Picasso 1.6 Blue-HDi,25
2095,Citroen Grand C4Picasso 2.0 Blue-HDi,25
2096,CC 2.0 TDI/CC2.0 TDI 4M GP/CC2.0 TDI BMT/CC2.0 TDI GP BMT,18
2097,CC 2.0 TSI/GP,18
2098,CC 3.6 4Motion,18
2099,Passat 2.0TDI,18
2100,Passat 2.0 TSI,18
2101,EOS 2.0,18
2102,A3 2.0 TDI/TFSI,18
2103,캐딜락,2
2104,Mercedes-AMG S 63 4MATIC Cabriolet,1
2105,Mercedes-AMG C 43 4MATIC Coupe,1
2106,Mercedes-AMG S 63 4MATIC Coupe,1
2107,SCOUT SIXTY,28
2108,SCOUT BOBBER,28
2109,SCOUT,28
2110,BRUTALE 800 DRAGSTER RR,54
2111,BRUTALE 800 RR,54
2112,2013년형 Mustang,16
2113,Citroen C4 SPACETOURER 2.0 Blue-HDi,25
2114,G310R,20
2115,G310GS,20
2116,BMW 520d xDrive,4
2117,BMW 420d Coupe,4
2118,BMW 325d,4
2119,BMW 320d EfficientDynamics Edition,4
2120,BMW Gran Turismo EfficientDynamics Edition,4
2121,BMW Gran Turismo 30d xDrive,4
2122,MTN690A(MT-07A),11
2123,BMW 730Ld,4
2124,BMW 120d,4
2125,BMW 120d Sport,4
2126,BMW 220d Coupe,4
2127,BMW 740d,4
2128,BMW Gran Turismo 20d,4
2129,BMW X6 xDrive30d,4
2130,BMW X5 xDrive40d,4
2131,BMW X4 xDrive30d,4
2132,BMW X4 xDrive20d,4
2133,BMW X3 xDrive35d,4
2134,BMW X1 xDrive25d,4
2135,BMW 435d xDrive Gran Coupe,4
2136,BMW 420d xDrive Coupe,4
2137,BMW Gran Turismo 30d,4
2138,BMW X6 xDrive40d,4
2139,BMW 520d Touring,4
2140,BMW 525d,4
2141,BMW 525d xDrive,4
2142,BMW 525d xDrive Touring,4
2143,BMW 530d xDrive,4
2144,BMW 535d,4
2145,BMW 640d xDrive Gran Coupe,4
2146,BMW 730d,4
2147,"AMG GLE 63 4MATIC, ML 63 AMG, ML 63",1
2148,GL 500 4MATIC,1
2149,"GL 63 AMG, GL 63 AMG 4MATIC",1
2150,AMG GLE 63 S 4MATIC,1
2151,S 350 D,1
2152,S 350 D 4MATIC,1
2153,S 400 D,1
2154,S 400 D 4MATIC,1
2155,S 450 4MATIC,1
2156,S 450 L,1
2157,MATBACH S 560 4MATIC,1
2158,Tiguan 2.0 TDI Allspace,18
2159,XC40,14
2160,Peugeot 308 GT 2.0 Blue-HDi,25
2161,CRF1000L,27
2162,그랜드 스타렉스,10
2163,2007-2009년형 MKZ,16
2164,GLC 250 D 4MATIC,1
2165,GLC 220 D 4MATIC,1
2166,C200 4MATIC,1
2167,AMG C43 4MATIC,1
2168,AMG C63,1
2169,E220 D,1
2170,"AMG C 43 4MATIC, C 450 AMG 4MATIC",1
2171,MINI Cooper Countryman,4
2172,MINI Cooper S five-door,4
2173,MINI John Cooper Works Convertible,4
2174,BMW 740Li xDrive,4
2175,BMW 530i,4
2176,BMW 530i xDrive,4
2177,BMW 330e iPerformance,4
2178,BMW 330i,4
2179,BMW 420i Coupe,4
2180,BMW 420i Gran Coupe,4
2181,BMW 430i Convertible,4
2182,BMW 430i Coupe,4
2183,BMW 740e iPerformance,4
2184,BMW 640i xDrive,4
2185,BMW 540i xDrive,4
2186,BMW 520i,4
2187,티볼리,38
2188,A6 4.2 qu,18
2189,A4 Cabriolet,18
2190,A6 2.7 TDI,18
2191,A6 3.0 qu.,18
2192,A6 3.2 FSI,18
2193,S4 4.2,18
2194,A4 3.2 qu.,18
2195,BMW X6 xDrive 30d,4
2196,BMW X6 xDrive 40d,4
2197,이쿼녹스,5
2198,볼트 (Volt),5
2199,볼트 (Bolt),5
2200,임팔라,5
2201,NINJA H2 SX SE,37
2202,아이오닉 플러그인하이브리드,10
2203,아이오닉 하이브리드,10
2204,싼타페(TM),10
2205,니로 하이브리드,19
2206,니로 플러그인하이브리드,19
2207,AMG S 63 4MATIC,1
2208,AMG S 63 4MATIC Cabriolet,1
2209,AMG S 63 4MATIC Coupe,1
2210,AMG E 63 4MATIC+,1
2211,CLS 400 d 4MATIC,1
2212,짚레니게이드,15
2213,Polo 1.4 TDI BMT,18
2214,R8 V10 plus Coupe,18
2215,C 220d Coupe,1
2216,재규어 XJ,30
2217,디스커버리4,30
2218,X6 xDrive 30d,4
2219,X6 xDrive 40d,4
2220,렉서스 ES300h,26
2221,디스커버리,30
2222,스팅어,19
2223,MERCEDES-AMG E 43 4MATIC,1
2224,500X,15
2225,C 300,1
2226,SR400,11
2227,QM3 dCi,31
2228,2012년식 Focus 2.0L 가솔린,16
2229,BMW 520d xDrive Touring,4
2230,BMW 750Ld xDrive,4
2231,BMW X5 M50d,4
2232,BMW X6 M50d,4
2233,BMW 420d,4
2234,BMW M550d xDrive,4
2235,FLHTKSE ANV,6
2236,FLTRXSE,6
2237,FLHXS ANV,6
2238,FLHX ANV,6
2239,FLHTK ANV,6
2240,FLHRXS,6
2241,E 220 D Coupe,1
2242,E 220 D Cabriolet,1
2243,E 220 D 4MATIC,1
2244,GLE 350 D 4MATIC,1
2245,"B 200 CDI, B 200 d",1
2246,"AMG GLE 63 4MATIC, ML 63 AMG",1
2247,"GLE 350 D 4MATIC, ML 350 BLUETEC 4MATIC",1
2248,"GLE 250 d 4MATIC, ML 250 BLUETEC 4MATIC",1
2249,"GLA 200 CDI, GLA 200 d",1
2250,"AMG G 63 4x4 2850, G 63 AMG 4X4 2850",1
2251,AMG G 65 4x4 2850,1
2252,G 350 d 4x4 2850,1
2253,"AMG CLA 45 4MATIC, CLA 45 AMG 4MATIC",1
2254,"CLA 200 CDI, CLA 200 D",1
2255,"CLA 200 CDI 4MATIC, CLA 200 D 4MATIC",1
2256,"GLA 200 CDI 4MATIC, GLA 200 d 4MATIC",1
2257,X-ADV,27
2258,벨로스터N,10
2259,코나 전기차,10
2260,Q5 3.0 TDI qu.,18
2261,Q5 2.0 TDI qu.,18
2262,Tiguan 2.0 TSI,18
2263,Passat 1.8 TSI,18
2264,Passat 2.5,18
2265,Q5 2.0 TDI qu,18
2266,TGS 26.440 6X4 BB,17
2267,MTN320A,11
2268,YZF-R3A,11
2269,TGX 28.560 6X2-2 BLS,17
2270,TGX 26.560 6X4 BLS,17
2271,TGS 26.440 6X4 BL,17
2272,MWS125,11
2273,TGS 28.400 6X2-2 BL,17
2274,TGS 35.440 8X4-4 BL,17
2275,TGS 44.440 10X4-6 BL,17
2276,TGS 44.480 10X4-6 BL,17
2277,Z4sDrive35is,4
2278,Z4sDrive35i,4
2279,Z4sDrive30i,4
2280,Tiguan 2.0 TDI 4M,18
2281,2018년식 Explorer,16
2282,Citroen DS5 2.0 Blue-HDi,25
2283,Peugeot 5008 2.0 Blue-HDi,25
2284,Citroen DS4 Crossback 1.6 Blue-HDi,25
2285,토요타 86(AT),26
2286,토요타 86(MT),26
2287,A1 Sport TDI 1.6,18
2288,Golf 1.4 TSI,18
2289,A3 25 TDI,18
2290,A3 Sportback 25 TDI,18
2291,Golf A7 1.4 TSI BMT,18
2292,Golf A7 1.6 TDI BMT,18
2293,Jetta 6 FL 2.0 TDI 110PS,18
2294,Polo 5 FL 1.4 TDI BMT,18
2295,맥라렌570S,56
2296,맥라렌650S,56
2297,맥라렌675LT,56
2298,Passat 2.0 TSI GP,18
2299,아반떼 스포츠,10
2300,i30(PD),10
2301,535d xDrive,4
2302,X3 xDrive,4
2303,X5 xDrive 35d,4
2304,328d xDrive,4
2305,AMG C 43 4MATIC,1
2306,M4 Coupe,4
2307,328d,4
2308,325d,4
2309,한쓰6.5톤극플러스트럭,57
2310,한쓰4.5톤극플러스트럭,57
2311,AMG S 63 4MATIC+,1
2312,E 450,1
2313,E 450 4MATIC Coupe,1
2314,MAYBACH S 560 4MATIC,1
2315,S 350,1
2316,Panigale V4,8
2317,Panigale V4 S,8
2318,Panigale V4 Special,8
2319,320d EfficientDynamics Edition,4
2320,BMW 328d,4
2321,BMW 328d xDrive,4
2322,BMW 535d xDrive,4
2323,BMW X5 xDrive 35d,4
2324,BMW X3 xDrive,4
2325,GSX-R1000/R,21
2326,GSX-S750A,21
2327,2011년식 Fusion,16
2328,2007-2010년식 MKX,16
2329,2010-2011년식 MKZ,16
2330,2012년식 Fusion,16
2331,2012년식 MKZ,16
2332,"콰트로포르테 GTS, 콰트로포르테 S Q4",7
2333,"기블리 350, 기블리 S Q4",7
2334,TGS/TGX,17
2335,Super Sport S,8
2336,Super Sport,8
2337,M821,8
2338,M1200 S,8
2339,M1200,8
2340,A3 40 TFSI,18
2341,DS7 Crossback 2.0 Blue-HDi,25
2342,BMW X6 M,4
2343,BMW 335i xDrive,4
2344,BMW 318d,4
2345,BMW 330d,4
2346,BMW X3 xDrive20i,4
2347,525I,4
2348,520D,4
2349,525D,4
2350,540I,4
2351,BMW X1 xDrive28i,4
2352,BMW X1 sDrive28i,4
2353,BMW X1 sDrive20d,4
2354,320D TOURING,4
2355,330e iPerformance,4
2356,328I,4
2357,320D,4
2358,BMW M6 Coupe,4
2359,BMW 123d,4
2360,BMW X3 xDrive2.5i,4
2361,BMW X3 xDrive3.0i,4
2362,BMW 335i,4
2363,BMW 116d,4
2364,BMW 120i,4
2365,BMW 116i,4
2366,BMW 118i,4
2367,X5 4.4I,4
2368,FB31,4
2369,X5 3.0D,4
2370,X5 3.0I,4
2371,X5 3.0,4
2372,220D COUPE,4
2373,335I CONVERTIBLE,4
2374,BMW 325i,4
2375,BMW 325xi,4
2376,BMW 330d xDrive,4
2377,520IA,4
2378,530D,4
2379,430i Convertible,4
2380,430i Coupe,4
2381,BMW 135i,4
2382,BMW 125i,4
2383,BMW 128i,4
2384,M235i,4
2385,M2 Coupe,4
2386,420i Coupe,4
2387,435d xDrive Gran Coupe,4
2388,420i Gran Coupe,4
2389,520I,4
2390,530I,4
2391,320I,4
2392,BMW X6 xDrive35i,4
2393,BMW X5 M,4
2394,BMW X5 xDrive35i,4
2395,BMW 320i,4
2396,BMW 318i,4
2397,BMW M3,4
2398,쏘나타(YF/LF),10
2399,그랜저(HG/IG),10
2400,2011-2017년식 Explorer,16
2401,2018년식 Mondeo,16
2402,K7(VG/YG),19
2403,K5(TF/JF),19
2404,파나메라 E 하이브리드,9
2405,뮬산(Mulsanne),18
2406,BMW X1 xDrive25i,4
2407,스프린터,39
2408,C 220d 4MATIC,1
2409,C 220d,1
2410,2014년식 Mustang,16
2411,라세티 프리미어,5
2412,재규어 F-TYPE,30
2413,1290 SUPER ADVENTURE 2015,33
2414,XP530-TMAX,11
2415,BMW 320d xDrive Touring,4
2416,SM3 Z.E(전기차),31
2417,540i xDrive,4
2418,Peugeot 508 2.0 BlueHDi,25
2419,DS7 Crossback 2.0 BlueHDi,25
2420,Citroen Grand C4 Picasso 2.0 BlueHDi,25
2421,Citreon C4 Picasso 2.0 Blue-HDi,25
2422,"S 400 4MATIC Coupe, S 450 4MATIC Coupe",1
2423,718카이맨,9
2424,C 200 4Matic,1
2425,C 350 E,1
2426,C 200 KOMPRESSOR,1
2427,C 230,1
2428,2019년식 Mustang,16
2429,GLE 450 4MATIC,1
2430,GLE 400 d 4MATIC,1
2431,GLE 300 d 4MATIC,1
2432,AMG E 43 4MATIC,1
2433,E 400,1
2434,S 560,1
2435,Scirocco GP,18
2436,Golf Cabrio A6 2.0 TDI,18
2437,Scirocco R 2.0 TSI,18
2438,A7 55 TDI quattro,18
2439,A7 45(3.0) TDI quattro,18
2440,A6 45(3.0) TDI quattro,18
2441,A6 35(2.0) TDI,18
2442,Metropolis 400,3
2443,Z4 xDrive 20i,4
2444,X7 xDrive30d,4
2445,A3 40 TFSI Premium,18
2446,A8 50 TFSI LWB qu.,18
2447,A7 50 TFSI qu.,18
2448,A6 50 TFSI qu.,18
2449,BONEVILLE T100,58
2450,BONEVILLE T120,58
2451,STREET SCRAMBLER,58
2452,STREET TWIN,58
2453,PCX,27
2454,렉서스 LS500h AWD,26
2455,렉서스 LS500h 2WD,26
2456,렉서스 LS500 AWD,26
2457,페라리 488 GTB,7
2458,페라리 488 Pista,7
2459,페라리 488 Spider,7
2460,페라리 812Superfast,7
2461,페라리 GTC4Lusso,7
2462,페라리 GTC4Lusso T,7
2463,페라리 458 Speciale A,7
2464,페라리 캘리포니아 T,7
2465,페라리 F12tdf,7
2466,페라리 458 Italia,7
2467,페라리 458 Spider,7
2468,페라리 458 Speciale,7
2469,E 220 d 4MATIC,1
2470,재규어 F-PACE,30
2471,재규어 XE,30
2472,C650Sport,20
2473,C600Sport,20
2474,318d,4
2475,318d Touring,4
2476,330xi,4
2477,Z4 3.0i,4
2478,SM6 1.5 dCi(디젤),31
2479,SM6 2.0 LPe(LPG),31
2480,SM6 1.6 TCe(가솔린 터보),31
2481,SM6 2.0 GDe(가솔린),31
2482,TT Coupe 45 TFSI qu.,18
2483,TT Roadster 45 TFSI qu.,18
2484,TTS Coupe TFSI qu.,18
2485,Jetta 1.6 TDI BM,18
2486,가야르도 스파이더,18
2487,가야르도 쿠페,18
2488,FE 카고,24
2489,Peugeot 508 1.5 BlueHDi,25
2490,Peugeot 3008 1.5 BlueHDi,25
2491,Peugeot 308 1.5 BlueHDi,25
2492,Citroen C4 Cactus 1.5 BlueHDi,25
2493,XC90(16년식),14
2494,AMG E 53 4MATIC+ Coupe,1
2495,AMG GT 43 4MATIC+,1
2496,AMG GT 450 4MATIC,1
2497,AMG GT 53 4MATIC+,1
2498,A 220,1
2499,i3 94ah LCI,4
2500,AMG E 53 4MATIC+ Cabriolet,1
2501,"티볼리, 티볼리에어",38
2502,TGM/TGS/ TGX,17
2503,XG750A,6
2504,C 63 AMG,1
2505,BURGMAN200 ABS,21
2506,니로 (DE PE),19
2507,아이오닉 (AE PE),10
2508,G90 (HI PE),10
2509,Sprinter,39
2510,Unimog,39
2511,Peugeot 2008 1.5 BlueHDi,25
2512,Citroen C3 Aircross 1.5 BlueHDi,25
2513,Peugeot 508 GT 2.0 BlueHDi,25
2514,Peugeot 508SW 2.0 BlueHDi,25
2515,Peugeot 508SW 1.5 BlueHDi,25
2516,재규어 I-PACE,30
2517,레스타,42
2518,X7 xDrive40i,4
2519,X7 M50d,4
2520,CRF250RLA,27
2521,CBF300NA,27
2522,르노 마스터(Van),31
2523,렉서스 GS450h,26
2524,렉서스 GS250,26
2525,렉서스 GS200t,26
2526,렉서스 GS-F,26
2527,C 220 BLUETEC/C 220d,1
2528,CZD300-XMAX,11
2529,2014MY Explorer,16
2530,그란투리스모 MC,7
2531,그란투리스모 Sport,7
2532,그란카브리오 Sport,7
2533,2016-2017년식 Mondeo,16
2534,G80(DH),10
2535,EQ900(HI),10
2536,BMW 535i,4
2537,BMW 535i GT,4
2538,BMW 535i xDrive,4
2539,BMW 535i xDrive GT,4
2540,2017-2019년식 Continental,16
2541,올뉴 말리부,5
2542,BMW 320d ED,4
2543,MINI John Cooper Works Coupe,4
2544,BMW i3,4
2545,BMW GT 30d xDrive,4
2546,BMW 750Li xDrive,4
2547,BMW 640i Convertible,4
2548,BMW 528i xDrive,4
2549,K5(JF),19
2550,i8 Roadster,4
2551,Panigale V4 R,8
2552,Peugeot 2008 Allure 1.6 BlueHDi (ML/G),25
2553,마이티(QT),10
2554,기블리 디젤,7
2555,르반떼 트로페오,7
2556,토요타 프리우스 C,26
2557,토요타 RAV4 하이브리드 2WD,26
2558,토요타 RAV4 하이브리드 AWD,26
2559,토요타 캠리 하이브리드,26
2560,렉서스 UX250h 2WD,26
2561,렉서스 UX250h AWD,26
2562,토요타 캠리,26
2563,Q3 35 TDI qu. Sport,18
2564,Q3 35 TDI qu. Design,18
2565,페라리 F12 tdf,7
2566,Citroen C5 Aircross 1.5 BlueHDi,25
2567,GLS 400 d 4MATIC,1
2568,GLE 300 d 4Matic,1
2569,코란도,38
2570,2015년 MKZ,16
2571,2015년 Fusion,16
2572,K7(YG PE),19
2573,티볼리(G1.5 GDI),38
2574,M340i,4
2575,i3 120ah,4
2576,Passat GT 2.0 TDI,18
2577,E 63 AMG,1
2578,E 200 CGI,1
2579,ML 300 CDI 4MATIC,1
2580,ML 63 AMG 4MATIC,1
2581,베뉴,10
2582,인정18㎥덤프트레일러,50
2583,레인지로버 이보크 D150,30
2584,Senna,51
2585,레인지로버 이보크 P300,30
2586,레인지로버 이보크 P250,30
2587,레인지로버 이보크 P200,30
2588,레인지로버 이보크 D180,30
2589,Sprinter(스프린터),39
2590,스프린터(Sprinter),39
2591,SLS AMG,1
2592,SLS AMG Roadster,1
2593,캐딜락 ESCALADE,2
2594,XC60 D5(18년식),14
2595,XC60 D5(19년식),14
2596,Gran Turismo EfficientDynamics Edition,4
2597,X4 xDrive20i,4
2598,Cooper D Paceman ALL4,4
2599,Cooper SD Paceman,4
2600,Cooper SD Paceman ALL4,4
2601,Cooper SD Coupe,4
2602,Cooper D Countryman,4
2603,Cooper D Countryman ALL4,4
2604,Cooper D Clubman,4
2605,Cooper D,4
2606,Cooper SD Clubman,4
2607,Cooper D Paceman,4
2608,Cooper SD,4
2609,Gran Turismo 20d,4
2610,Cooper D five-door,4
2611,Cooper SD Countryman ALL4,4
2612,Cooper SD Countryman,4
2613,Cooper SD five-door,4
2614,쏘나타 하이브리드,10
2615,CLS 300 d,1
2616,AMG GT,1
2617,EQC 400 4MATIC,1
2618,CLS 450 4MATIC,1
2619,E 350 d,1
2620,CR-Z,23
2621,팰리세이드(LX2),10
2622,C400X,20
2623,C400GT,20
2624,2016년식 MKX,16
2625,2016년식 MKZ,16
2626,2015년식 Mondeo,16
2627,330i xDrive,4
2628,316TI,4
2629,323CI,4
2630,318TI,4
2631,2020MY Explorer,16
2632,그랜저하이브리드(IG HEV),10
2633,2020MY Aviator,16
2634,1299 Superleggera,8
2635,1299 Panigale R Final Edition,8
2636,아벤타도르 S 로드스터,18
2637,아벤타도르 S 쿠페,18
2638,A3 35 TFSI,18
2639,A3 Sportback e-tron,18
2640,S3,18
2641,DS3 Crossback 1.5 BlueHDi,25
2642,V90CC,14
2643,SL 400,1
2644,렉서스 CT200h,26
2645,스카니아트랙터,47
2646,스카니아카고트럭,47
2647,AK550i,58
2648,박스터 / 카이맨,9
2649,Peugeot 5008 1.6 BlueHDi,25
2650,Peugeot 5008 1.5 BlueHDi,25
2651,Lion’s City CNG,17
2652,HYP950 SP,8
2653,HYP950,8
2654,큐브,13
2655,BMW Z4,4
2656,스프린터 2세대,39
2657,스프린터 3세대,39
2658,디스커버리 스포츠 P250,30
2659,디스커버리 스포츠 TD4 180PS,30
2660,디스커버리 스포츠 TD4 150PS,30
2661,디스커버리 스포츠 2.0D,30
2662,재규어 E-PACE D150,30
2663,재규어 E-PACE P200,30
2664,재규어 E-PACE P300,30
2665,재규어 E-PACE P250,30
2666,재규어 E-PACE D240,30
2667,재규어 E-PACE D180,30
2668,K1600B,20
2669,마이티 내로우,10
2670,쏠라티,10
2671,그랜드스타렉스(TQ) 밴,10
2672,그랜드스타렉스(TQ) 왜건 9인승,10
2673,그랜드스타렉스(TQ) 왜건 11인승,10
2674,포터2(HR),10
2675,봉고3(PU),19
2676,ROADMASTER CLASSIC,28
2677,CHIEFTAIN LIMITED,28
2678,CHIEFTAIN DARK HORSE,28
2679,CHEIF VINTAGE,28
2680,BMW M8 Competition,4
2681,2017년식 Explorer,16
2682,MTS1260,8
2683,쏘나타(DN8),10
2684,TGS 카고,17
2685,C 200 CGI,1
2686,2015-2018년식 Mondeo,16
2687,BMW 323i,4
2688,BMW 325I,4
2689,BMW 323Ci,4
2690,BMW 328Ci,4
2691,BMW 325Ci,4
2692,BMW 330Ci,4
2693,BMW 328i,4
2694,BMW 318iA,4
2695,BMW 316i,4
2696,BMW 325Xi,4
2697,BMW 528i,4
2698,BMW 330Xi,4
2699,BMW X5 xDrive 48i,4
2700,BMW 3125Ci,4
2701,SPEED TWIN,58
2702,THRUXTON TFC,58
2703,THRUXTON R,58
2704,아반떼(HD),10
2705,AMG GT 63 S 4MATIC+,1
2706,AMG GT 63 4MATIC+,1
2707,500,15
2708,GV80(JX),10
2709,Jetta 2.0 TDI BMT,18
2710,AMG S 63 4MATIC+ Coupe,1
2711,AMG S 63 4MATIC+ Cabriolet,1
2712,AMG S 63 4MATIC+ Long,1
2713,AMG G 63 4x4 2850,1
2714,HJ100T-7C,59
2715,AMG GLC 63 S 4MATIC,1
2716,AMG CLS 53 4MATIC+,1
2717,AMG E 53 4MATIC+,1
2718,E 300 e,1
2719,E 300 e 4MATIC,1
2720,E 450 4MATIC,1
2721,AMG GLC 63 4MATIC,1
2722,XP530D-A(T-MAX DX),11
2723,Citroen C4 New Cactus 1.5 BlueHDi,25
2724,Citroen Grand C4 Spacetourer 1.5 BlueHDi,25
2725,Q3 35 TDI/Premium,18
2726,A7 55 TFSI qu. Premium,18
2727,A7 50 TDI qu. Premium,18
2728,A8 55 TFSI LWB qu.,18
2729,A8 50 TDI LWB qu.,18
2730,A6 45 TFSI qu. Premium,18
2731,A6 45 TFSI qu.,18
2732,A6 45 TDI qu. Premium,18
2733,A6 40 TDI qu. Premium,18
2734,A6 40 TDI Premium,18
2735,A6 40 TDI,18
2736,Q5 40 TDI qu./ Premium,18
2737,Q5 45 TFSI qu./ Premium,18
2738,Q5 50 TDI qu. Premium,18
2739,BMW X6 xDrive40i,4
2740,BMW M6 Gran Coupe,4
2741,콰트로포르테 디젤,7
2742,S90L,14
2743,볼트 EV,5
2744,TGL,17
2745,TGM,17
2746,BMW 840d xDrive,4
2747,BMW 840i xDrive,4
2748,BMW M8,4
2749,BMW X3 M,4
2750,BMW X3 xDrive30e,4
2751,BMW X4 M,4
2752,BMW X4 xDrive20i,4
2753,BMW X4 M40d,4
2754,디스커버리 스포츠 2.2D,30
2755,C 180 BlueEFFICIENCY,1
2756,E 400 BlueEFFICIENCY Cabrioloet,1
2757,C 220 CDI Coupe,1
2758,C 180 BlueEFFICIENCY Coupe,1
2759,GLK 250 4MATIC,1
2760,E 200 BlueEFFICIENCY Coupe,1
2761,E 350 BlueEFFICIENCY Coupe,1
2762,E 400 BlueEFFICIENCY Coupe,1
2763,E 200 BlueEFFICIENCY Cabrioloet,1
2764,E 350 BlueEFFICIENCY Cabrioloet,1
2765,GV80(JX1),10
2766,벤틀리 벤테이가,18
2767,GV80 (JX1),10
2768,그랜져 (IG PE),10
2769,쏘나타 (DN8),10
2770,K5 (DL3),19
2771,체어맨,38
2772,INFINITI QX56,13
2773,790 ADVENTURE,33
2774,790 ADVENTURE R,33
2775,렉서스 LC500h,26
2776,토요타 FJ 크루져,26
2777,BMW 220d,4
2778,렉서스 LS500 2WD,26
2779,렉서스 IS300,26
2780,렉서스 RC350,26
2781,토요타 시에나 AWD,26
2782,렉서스 LS460,26
2783,렉서스 LS460 AWD,26
2784,렉서스 LS460L,26
2785,렉서스 LS600h,26
2786,BMW X6 xDrive28i,4
2787,BMW X6 sDrive35i,4
2788,스카니아버스,47
2789,제네시스쿠페(BK),10
2790,C 230 KOMPRESSOR,1
2791,C 180 KOMPRESSOR,1
2792,C 280,1
2793,C 240,1
2794,C 320,1
2795,C 32 AMG,1
2796,E 280,1
2797,E 240,1
2798,E 320,1
2799,E 200 KOMPRESSOR,1
2800,CLK 500,1
2801,CLK 320,1
2802,CLK 240,1
2803,CLK 350,1
2804,C 280 4MATIC,1
2805,C 320 4MATIC,1
2806,C 240 4MATIC,1
2807,CLS 55 AMG,1
2808,CLS 500,1
2809,CLS 550,1
2810,CLS 350 CGI,1
2811,E 280 4MATIC,1
2812,E 500 4MATIC,1
2813,E 320 4MATIC,1
2814,E 55 AMG,1
2815,E 550,1
2816,E 500,1
2817,RACING S 150,58
2818,쏘렌토(BL),19
2819,그랜드카니발(VQ) 승용,19
2820,그랜드카니발(VQ) 승합,19
2821,BMW X5 xDrive25d,4
2822,BMW 518d,4
2823,BMW X7 xDrive30d,4
2824,BMW X5 xDrive35d,4
2825,720S,51
2826,570GT,51
2827,GT,51
2828,Mercedes-AMG G 63,1
2829,G 350 d,1
2830,BMW i8 Roadster,4
2831,3세대 뉴 스프린터,39
2832,Tiguan Allspace 2.0 TDI,18
2833,Arteon 2.0 TDI,18
2834,Arteon 2.0 TDI 4M,18
2835,Superleggera,8
2836,GPD125-A(N-MAX125),11
2837,DS3 Crossback E-tense,25
2838,A4 35 TDI Premium,18
2839,코란도(디젤),38
2840,벤테이가 V8,18
2841,Maybach S 560,1
2842,ZX-10RR,37
2843,ZX-10R,37
2844,Peugeot 508 SW 1.5 BlueHDi,25
2845,Peugeot 508 SW 2.0 BlueHDi,25
2846,유니버스,10
2847,쏘울 EV(PS EV),19
2848,MASTER(Bus),31
2849,XM3,31
2850,CAPTUR,31
2851,BMW Z4 sDrive20i,4
2852,BMW 330i xDrive,4
2853,Q2 35 TDI Premium,18
2854,Q2 35 TDI,18
2855,A8 50 TDI LWB,18
2856,SQ8 TDI,18
2857,Touareg 4.0 TDI,18
2858,쏠라티(EU) 화물 밴,10
2859,Peugeot 3008 2.0 BlueHDi,25
2860,Peugeot 5008 2.0 BlueHDi,25
2861,Citroen C5 Aircross 2.0 BlueHDi,25
2862,Citroen Grand C4 Spacetourer 2.0 BlueHDi,25
2863,토요타 프리우스 V,26
2864,AMG GT 63 4MATIC,1
2865,AMG GT 43 4MATIC,1
2866,AMG GT 63 S 4MATIC,1
2867,Citroen Grand C4 Spacetourer,25
2868,Citroen Grand C4 Spacetourer 1.5,25
2869,Citroen New C4 Cactus 1.5 BlueHDi,25
2870,Peugeot New 2008 1.5 BlueHDi,25
2871,Citroen C4 Spacetourer 2.0 BlueHDi,25
2872,2019-2020년식 Nautilus,16
2873,2016-2018년식 MKX,16
2874,VITPILEN 701,60
2875,Peugeot 3008 2.0 BlueHDI,25
2876,Peugeot 2008 1.6 e-HDI,25
2877,SVARTPILEN 701,60
2878,SVARTPILEN 701 STYLE,60
2879,Street Triple RS,58
2880,Speed Triple RS,58
2881,Tiger 1200 XCa,58
2882,트래버스,5
2883,GLC 300 4MATIC Coupe,1
2884,E220D,1
2885,BMW 320Ci,4
2886,BMW 318Ci,4
2887,E 300 D,1
2888,E 400 d 4MATIC,1
2889,Peugeot 308 1.5 Blue-HDi,25
2890,Peugeot 208 1.6 e-HDi,25
2891,Peugeot 2008 1.6 BlueHDi,25
2892,Peugeot 2008 1.6 e-HDi,25
2893,싼타페(TM PE),10
2894,쏘렌토(MQ4),19
2895,K5(DL3),19
2896,Tiger 900 GT Pro,58
2897,Tiger 900 Rally Pro,58
2898,Tiger 900 GT(LRH),58
2899,Street Twin,58
2900,Street Scrambler,58
2901,A8 4.0 TFSI LWB qu.,18
2902,A8 65 TFSI LWB qu.,18
2903,A8 60 TFSI LWB qu.,18
2904,A8 65 TFSI qu.,18
2905,S8 4.0 TFSI qu.,18
2906,S8 Plus TFSI qu.,18
2907,S8 TFSI qu.,18
2908,Peugeot 3008 1.6 BlueHDi,25
2909,Citroen Picasso 1.6 BlueHDi,25
2910,Citroen Grand Picasso 1.6BlueHDi,25
2911,Peugeot 508 SW 1.6 BlueHDi,25
2912,Peugeot 508 1.6 BlueHDi,25
2913,Peugeot 308 SW 1.6 BlueHDi,25
2914,Peugeot 308 1.6 BlueHDi,25
2915,DS4 Crossback 1.6 BlueHDi,25
2916,Citroen Grand Spacetourer 1.6 BlueHDi,25
2917,Streetfighter V4 S,8
2918,트레일블레이저,5
2919,스팅어(CK),19
2920,G70(IK),10
2921,2020년식 Aviator,16
2922,2020년식 Explorer,16
2923,Passat 2.0 TDI GP,18
2924,Passat 1.8 TSI GP,18
2925,BMW X5 xDrive45e iPerformance,4
2926,BMW 745Le iPerformance,4
2927,BMW 530e iPerformance,4
2928,BMW 745e iPerformance,4
2929,악트로스(Actros),39
2930,BMW X1 xDrive23d,4
2931,S 63 AMG 4MATIC,1
2932,그랜버드(GZ PE),19
2933,A4 40 TDI qu. Premium,18
2934,A4 40 TFSI Premium,18
2935,A5 Cabriolet 45 TFSI qu. Premium,18
2936,A5 Coupe 45 TFSI qu. Premium,18
2937,A5 Sportback 40 TDI qu. Premium,18
2938,A5 Sportback 45 TFSI qu. Premium,18
2939,Q7 45 TDI qu.,18
2940,Q7 45 TDI qu. Premium,18
2941,Q7 50 TDI qu. Premium,18
2942,Q8 45 TDI qu. Premium,18
2943,Q8 50 TDI qu. Premium,18
2944,ZX-6R,37
2945,MTN320,11
2946,GPD125,11
2947,코나 전기차 (OS EV),10
2948,CZD300-A,11
2949,GLB 250 4MATIC,1
2950,GLB 220,1
2951,GLB 200 d,1
2952,카니발(KA4),19
2953,BMW X6 M50i,4
2954,Rolls Royce Phantom,4
2955,BMW X5 xDrive40i,4
2956,BMW X5 M50i,4
2957,A8 50 TDI qu.,18
2958,레인지로버 스포츠 P400e,30
2959,레인지로버 스포츠 SDV6,30
2960,ADDRESS125,21
2961,CBR1000ST,27
2962,Peugeot e-208 Electric,25
2963,GLE 350 4MATIC,1
2964,AMG GLE 53 4MATIC+,1
2965,GLE 350 e 4MATIC,1
2966,AMG GLE 53 4MATIC +,1
2967,에스컬레이드,2
2968,BMW X5 xDrive45e,4
2969,BMW M2,4
2970,BMW M4 Coupe,4
2971,BMW X3,4
2972,더뉴 말리부,5
2973,Ninja H2 SX SE+,37
2974,Ninja H2 SX SE,37
2975,Ninja H2 SX,37
2976,BMW X5 xDrive40e iPerformance,4
2977,2020MY Nautilus,16
2978,2020 Mustang,16
2979,SM3 1.6L 가솔린,31
2980,BMW X7 M50i,4
2981,BMW X7 xDrive40i,4
2982,넥쏘(FE),10
2983,코나(OS) HEV,10
2984,코나(OS) EV,10
2985,쏘울(SK3) EV,19
2986,G90(HI PE),10
2987,GLC 300 4MATIC Coup,1
2988,GLC 300 e 4MATIC,1
2989,GLC 300 e 4MATIC Coupe,1
2990,C 300 e 4MATIC,1
2991,2013-2017년식 MKZ,16
2992,2013-2015년식 Fusion,16
2993,2015-2017 년식 Mondeo,16
2994,S7 TDI,18
2995,S6 TDI,18
2996,A6 45 TFSI Premium,18
2997,우르스,18
2998,라세티 프리미어/크루즈,5
2999,FJR1300A,11
3000,FJR1300-A,11
3001,MTN1000,11
3002,MXT850,11
3003,XP530D-A,11
3004,XP560D,11
3005,A6 45 TFSI,18
3006,렉서스 IS200t,26
3007,렉서스 NX300,26
3008,렉서스 RC200t,26
3009,토요타 아발론 하이브리드,26
3010,GLC 300 d 4MATIC,1
3011,INFINITI M30,13
3012,INFINITI M30d,13
3013,INFINITI Q70 3.0d,13
3014,INFINITI M56,13
3015,INFINITI Q70 5.6,13
3016,BMW 523d,4
3017,BMW 523d xDrive,4
3018,BMW X7 xDrive40d,4
3019,Rocket 3 GT,58
3020,Rocket 3 R,58
3021,CRF1000,27
3022,CRF1100,27
3023,BMW 320d EffcientDynamicsEdition,4
3024,2020 Aviator,16
3025,Ninja 400,37
3026,디스커버리 스포츠 D150,30
3027,K3(BD),19
3028,디스커버리 스포츠 D180,30
3029,니로 전기차(DE EV),19
3030,Scrambler1100,8
3031,ROYAL ENFIELD INTERCEPTOR 650,51
3032,ROYAL ENFIELD INTERCEPTOR,51
3033,ROYAL ENFIELD CONTINENTAL GT 650,51
3034,ROYAL ENFIELD CONTINENTAL GT,51
3035,Citroen C4 Piccaso 1.6 BlueHDi,25
3036,Citroen Grand C4 Piccaso 1.6 BlueHDi,25
3037,페라리 812 Superfast,7
3038,2017-2018 Continental,16
3039,BMW 420i Convertible,4
3040,FTR 1200,28
3041,FTR 1200 S,28
3042,BMW 630i xDrive,4
3043,Passat GT 2.0 TDI 4M,18
3044,PATHFINDER,13
3045,2020 Explorer,16
3046,Mercedes-AMG GLC 63 S 4MATIC,1
3047,Mercedes-AMG GLC 63 4MATIC,1
3048,A 220 Hatch,1
3049,Mercedes-AMG GLC 63 S 4MATIC+ Coupe,1
3050,GLC 220 d 4MATIC Sports,1
3051,Mercedes-AMG GLC 63 4MATIC+,1
3052,CLS 300 d Coupe,1
3053,CLS 300 d 4MATIC Coupe,1
3054,CLS 400 d 4MATIC Coupe,1
3055,CLS 450 4MATIC Coupe,1
3056,Mercedes-AMG CLS 53 4MATIC+ Coupe,1
3057,Mercedes-AMG GT 43 4MATIC+ Coupe,1
3058,Mercedes-AMG GT 53 4MATIC+ Coupe,1
3059,Mercedes-AMG GT 63 4MATIC+ Coupe,1
3060,Mercedes-AMG GT 63 S 4MATIC+ Coupe,1
3061,G 400 d,1
3062,E 300 d,1
3063,CLA 220 Coupe,1
3064,CLA 250 Coupe,1
3065,CLA 250 4MATIC Coupe,1
3066,Mercedes-AMG CLA 45 S 4MATIC Coupe,1
3067,Mercedes-AMG GLE 53 4MATIC+,1
3068,GLE 350 d 4MATIC Coupe,1
3069,GLE 400 d 4MATIC Coupe,1
3070,GLE 350 e 4MATIC Coupe,1
3071,Mercedes-AMG GLE 53 4MATIC+ Coupe,1
3072,Mercedes-AMG GLE 63 S 4MATIC+ Coupe,1
3073,GLS 580 4MATIC,1
3074,Mercedes-Maybach GLS 600 4MATIC,1
3075,A 250 4MATIC,1
3076,Mercedes-AMG A 35 4MATIC,1
3077,Mercedes-AMG GT Coupe,1
3078,Mercedes-AMG GT S Coupe,1
3079,Mercedes-AMG GT R Coupe,1
3080,Mercedes-AMG GT C Roadster,1
3081,Mercedes-AMG C 43 4MATIC Cabriolet,1
3082,C 300 Cabriolet,1
3083,C 300 4MATIC Cabriolet,1
3084,E 250,1
3085,Mercedes-AMG E 53 4MATIC+,1
3086,Mercedes-AMG E 63 S 4MATIC+,1
3087,S 450 4MATIC Coupe,1
3088,Mercedes-AMG S 63 4MATIC+ Coupe,1
3089,Mercedes-AMG S 63 4MATIC+ Cabriolet,1
3090,S 450,1
3091,S 560 e,1
3092,Mercedes-AMG S 63 4MATIC+,1
3093,Mercedes-Maybach S 650,1
3094,Mercedes-Maybach S 560 4MATIC,1
3095,Mercedes-AMG E 53 4MATIC+ Coupe,1
3096,E 450 Coupe,1
3097,E 450 4MATIC Cabriolet,1
3098,Mercedes-AMG E 53 4MATIC+ Cabriolet,1
3099,E 450 Cabriolet,1
3100,EQA 250,1
3101,Mercedes-AMG GLB 35 4MATIC,1
3102,Mercedes-AMG GLA 45 4MATIC,1
3103,BMW 620d,4
3104,BMW 620d xDrive,4
3105,BMW 740i,4
3106,BMW 840d xDrive Gran Coupe,4
3107,BMW 840i xDrive Coupe,4
3108,BMW 840i xDrive Gran Coupe,4
3109,BMW M4 Competition,4
3110,BMW M8 Coupe Competition,4
3111,BMW M8 Gran Coupe Competition,4
3112,BMW X6 M Competition,4
3113,BMW X7 M50d,4
3114,BMW X7 xDrive 30d,4
3115,BMW M440i xDrive,4
3116,BMW Z4 M40i,4
3117,니트로,15
3118,BMW M340i,4
3119,BMW M340i xDrive Touring,4
3120,S8 LWB qu.,18
3121,스프린터 907,39
3122,2021 Ranger,16
3123,A6 50 TDI qu. Premium,18
3124,A7 45 TDI qu. Premium,18
3125,아벤타도르SVJ쿠페,18
3126,아이오닉(AAE PE) EV,10
3127,일렉시티(LK) EV,10
3128,XDVL,8
3129,GV70,10
3130,GV80,10
3131,2014-2015 Taurus,16
3132,2014-2015 Explorer,16
3133,2020 Nautilus,16
3134,BMW 640d,4
3135,BMW 740Ld,4
3136,BMW X1,4
3137,BMW X4,4
3138,BMW X5,4
3139,BMW X6,4
3140,BMW 323d,4
3141,BMW 435d,4
3142,BMW 840d,4
3143,BMW X7,4
3144,FX45,13
3145,BMW 630d,4
3146,BMW 750Ld,4
3147,BMW M550d,4
3148,Citroen C4 Picasso 1.6 BlueHDi,25
3149,Citroen Grand C4 Picasso 1.6 BlueHDi,25
3150,Citroen Grand C4 Spacetourer 1.6 BlueHDi,25
3151,마이브 M1,61
3152,2021 Aviator,16
3153,BMW i3 120Ah,4
3154,K 1600 GTL,20
3155,이스즈 엘프,62
3156,R 1200 GS HP2 Magamoto,20
3157,유니목,39
3158,MTS V4,8
3159,Mercedes-AMG GT 63 S 4MATIC+,1
3160,DS3 Crossback E-tense Electric,25
3161,BMW 740Li,4
3162,BMW M Coupe,4
3163,BMW Z4 sDrive,4
3164,E 300 d 4MATIC Coupe,1
3165,E 300 d 4MATIC Cabriolet,1
3166,Mercedes-AMG GT R Coup,1
3167,Mercedes-AMG GT R,1
3168,Mercedes-AMG GT C,1
3169,GLE 350 de 4MATIC,1
3170,Mercedes-AMG GLE 63 S 4MATIC+,1
3171,Maybach GLS 600 4MATIC,1
3172,Model S,63
3173,쏘울EV (SK3 EV),19
3174,니로EV (DE EV),19
3175,ACCORD 1.5T,23
3176,ACCORD 2.0T,23
3177,ACCORD HEV,23
3178,CR-V 2wd,23
3179,CR-V 4wd,23
3180,HR-V,23
3181,911 Carrera,9
3182,BMW 320i Touring,4
3183,BMW 330e,4
3184,BMW M3 Competition,4
3185,2007-2010년식 MKZ,16
3186,쏠라티(EU),10
3187,MASTER,31
3188,Peugeot E-208 Electric,25
3189,718,9
3190,타이칸4S,9
3191,제네시스/G80(DH),10
3192,BMW Gran Turismo Eff,4
3193,BMW 320d Eff,4
3194,토요타 벤자 V6,26
3195,토요타 벤자,26
3196,718 Boxster GTS 4.0,9
3197,2020-2021년식 Aviator,16
3198,2020-2021년식 Aviator PHEV,16
3199,레인지로버 스포츠 3.0D,30
3200,레인지로버 스포츠 5.0,30
3201,레인지로버 스포츠 5.0 SC,30
3202,Model 3,63
3203,Rolls-Royce Phantom,4
3204,Rolls-Royce Cullinan,4
3205,Rolls-Royce Wraith,4
3206,Rolls-Royce Ghost Extended Wheelbase,4
3207,A4 45 TFSI qu. Premium,18
3208,A5 Sportback 40 TFSI qu.,18
3209,A5 Sportback 40 TFSI qu. Premium,18
3210,e-tron 55 quattro,18
3211,Q5 40 TDI qu.,18
3212,Q5 40 TDI qu. Premium,18
3213,Q5 45 TFSI qu.,18
3214,318iA,4
3215,318Ci,4
3216,320Ci,4
3217,328Ci,4
3218,CT5,2
3219,Q5 45 TFSI qu. Premium,18
3220,Q7 55 TFSI qu. Premium,18
3221,Q8 55 TFSI qu. Premium,18
3222,SQ5 TDI,18
3223,SQ5 TFSI,18
3224,A4 35 TDI,18
3225,BURGMAN125,21
3226,BURGMAN200,21
3227,베라크루즈(EN),10
3228,BX400,49
3229,BX500,49
3230,타이칸,9
3231,MINI Cooper D Five Door,4
3232,MINI Cooper SD Five Door,4
3233,C 200 Coup,1
3234,CB650RA,27
3235,CMX500A,27
3236,CBR500RA,27
3237,CB500FA,27
3238,CB500XA,27
3239,CBR650RA,27
3240,Lion's 2층 버스,17
3241,A8 2.8 quat.,18
3242,TT 1.8,18
3243,A8 4.2 quat.,18
3244,A4 1.8,18
3245,디스커버리 SD4,30
3246,디스커버리 TD6,30
3247,디스커버리 SD6,30
3248,디스커버리 D300,30
3249,그랜드 스타렉스(TQ),10
3250,토요타 프리우스 2WD,26
3251,토요타 프리우스 AWD,26
3252,토요타 RAV4,26
3253,BMW 540i xDrive Luxury,4
3254,BMW 630i xDrive Luxury,4
3255,BMW 640i xDrive Luxury,4
3256,BMW M340i xDrive,4
3257,BMW X3 M40i,4
3258,BMW X4 M40i,4
3259,S 580 4MATIC,1
3260,GLC 300 e 4MATIC Coup,1
3261,Mercedes-AMG CLS 53 4MATIC+,1
3262,Mercedes-AMG GT 43 4MATIC+,1
3263,BMW 1 Series Sport,4
3264,BMW GT 20d,4
3265,BMW GT 30d,4
3266,토요타 86 MT,26
3267,토요타 86 MT(2tone),26
3268,토요타 86 AT,26
3269,스프린터 906 (519),39
3270,아록스 2843L,39
3271,Maybach S 580 4MATIC,1
3272,UH125,21
3273,UH200,21
3274,CT4,2
3275,재규어 F-TYPE P300 Coupe,30
3276,재규어 F-TYPE P300 Convertible,30
3277,제네시스 G80 ELECTRIFIED (RG3 EV),10
3278,FX120,42
3279,FX212,42
3280,BX212,42
3281,BX212M,42
3282,2021년식 Explorer,16
3283,2021년식 Aviator,16
3284,볼트 EUV,5
3285,토요타 GR 수프라,26
3286,벨로스터(FS),10
3287,벤틀리 벤테이가 V8,18
3288,GLE 350 e 4MATIC Coup,1
3289,CLA 250 4MATIC Coup,1
3290,DS7 Crossback 1.5 BlueHDi,25
3291,FORZA750,27
3292,박스터GTS,9
3293,카이맨S,9
3294,카이맨GTS,9
3295,BMW 530e,4
3296,BMW 530e iPerformance Luxury,4
3297,TM2,64
3298,2020-2021 Aviator,16
3299,2020-2021 Aviator PHEV,16
3300,2020-2021 Corsair,16
3301,2020-2021 Explorer,16
3302,2020-2021 Explorer PHEV,16
3303,2007-2009 S-Max,16
3304,2007-2008 Mondeo,16
3305,2015-2017 Mondeo,16
3306,FLETA LS1,65
3307,베뉴(QX),10
3308,701 SUPERMOTO,60
3309,701 ENDURO,60
3310,V70,14
3311,570S,56
3312,570GT,56
3313,600LT,56
3314,650S,56
3315,675LT,56
3316,e-tron Sportback 55 qu.,18
3317,690 SMC R,33
3318,GLC 250 4MATIC,1
3319,ROYAL ENFIELD HIMALAYAN,8
3320,G 500 4x4,1
3321,G 65 AMG,1
3322,GLE 400 4MATIC,1
3323,A 220 d 4MATIC,1
3324,AMG GT R,1
3325,AMG GT C,1
3326,E 200 d,1
3327,E 350 e,1
3328,AMG E 63 S 4MATIC+,1
3329,AMG S 65,1
3330,S 400 h,1
3331,S 500 e,1
3332,MAYBACH S 600,1
3333,MAYBACH S 650,1
3334,MAYBACH S 500,1
3335,MAYBACH S 500 4MATIC,1
3336,BMW iX xDrive40,4
3337,BMW iX xDrive 50,4
3338,Mercedes-AMG CLA 45 S 4MATIC+,1
3339,Mercedes-AMG A 45 4MATIC+,1
3340,Mercedes-AMG GLA 45 4MATIC+,1
3341,BMW iX xDrive50,4
3342,W800 CAFE,37
3343,GPD125A,11
3344,YZF320A,11
3345,Model Y,63
3346,BMW640i xDrive,4
3347,BMW640i xDrive Luxury,4
3348,M797,8
3349,SuperSport,8
3350,CLS 300 d 4MATIC,1
3351,CT6,2
3352,SRX,2
3353,K 1600 GT,20
3354,R nine T,20
3355,X5 xDrive,4
3356,X3 sDrive,4
3357,1 Series Sport,4
3358,320d Gran Turismo xDrive,4
3359,518d,4
3360,525d xDrive Touring,4
3361,740Ld xDrive,4
3362,GT 20d,4
3363,GT 30d,4
3364,GT 30d xDrive,4
3365,X3 xDrive20d M Sport Package,4
3366,X4 xDrive20d xLine,4
3367,X5 xDrive30d xLine,4
3368,630d xDrive,4
3369,840d xDrive Gran Coupe Excellence,4
3370,X3 xDrive30d M Sport Package,4
3371,X4 M40d,4
3372,X4 xDrive30d xLine,4
3373,X7 xDrive30d Design Pure Excellence,4
3374,320d Efficient,4
3375,750Ld xDrive,4
3376,ROYAL ENFIELD INTERCEPTOR,8
3377,ROYAL ENFIELD CONTINENTAL GT,8
3378,마세라티 기블리 트로페오,7
3379,마세라티 콰트로포르테 트로페오,7
3380,마세라티 르반떼 트로페오,7
3381,마세라티 르반떼 GTS,7
3382,아이오닉 일렉트릭(AE EV),10
3383,닛산 무라노 하이브리드,13
3384,인피니티 QX60 하이브리드,13
3385,짚그랜드체로키L,15
3386,2021년식 Corsair,16
3387,짚랭글러 PHEV,15
3388,카렌스(RP),19
3389,쏘나타 하이브리드 (LF HEV),10
3390,CBR1000RR-R,27
3391,BMW i4 M50,4
3392,BMW i4 eDrive40,4
3393,마이브M1,61
3394,싼타페 (TM PE),10
3395,싼타페 하이브리드 (TM PE HEV),10
3396,Rolls-Royce Ghost Black Badge,4
3397,BMW X2 xDrive20i,4
3398,Q5 50 TDI qu.,18
3399,Q5 Sportback 40 TDI qu.,18
3400,Q5 Sportback 45 TFSI qu.,18
3401,SQ5 Sportback TFSI qu.,18
3402,카이엔 쿠페,9
3403,쏘울EV(PSEV),19
3404,K3(YDPE),19
3405,레이(TAMPE),19
3406,E-SKY,66
3407,E-SKY Ⅱ,66
3408,E-SKY 9,66
3409,E-SKY 11,66
3410,RA1250,6
3411,RA1250S,6
3412,HARLEY-DAVIDSON RA1250,6
3413,HARLEY-DAVIDSON RA1250S,6
3414,HARLEY-DAVIDSON RH1250S,6
3415,EQB 300 4MATIC,1
3416,A5 Sportback 35 TDI Premium,18
3417,RS5,18
3418,S4 TFSI,18
3419,S5 TFSI Coupe,18
3420,S5 TFSI Sportback,18
3421,EQE 350,1
3422,EQS 350,1
3423,EQS 450+,1
3424,EQS 450 4MATIC,1
3425,Mercedes-AMG EQS 53 4MATIC+,1
3426,Peugeot e-208 Electric,15
3427,Peugeot e-2008 Electric,15
3428,DS3 Crossback E-tense Electric,15
3429,쏘렌토 (UM/UM PE),19
3430,스포티지 (QL/QL PE),19
3431,MT850D,11
3432,투싼 (TL),10
3433,투싼(NX4),10
3434,GV70(JK1),10
3435,G80(RG3),10
3436,2011-2013년식 Explorer,16
3437,2021년식 Mustang,16
3438,E 220 D Convertible,1
3439,Trident 660,58
3440,W800 STREET,37
3441,QM6,31
3442,BMW 520d Luxury,4
3443,BMW 520d xDrive Luxury,4
3444,BMW 620d Luxury,4
3445,BMW 620d xDrive Luxury,4
3446,K5하이브리드 (JF HEV),19
3447,K5플러그인하이브리드 (JF PHEV),19
3448,BMW 840d xDrive Gran Coupe Excellence,4
3449,BMW X3 xDrive20d M Sport Package,4
3450,BMW X3 xDrive30d M Sport Package,4
3451,BMW X4 xDrive20d M Sport Package,4
3452,BMW X4 xDrive20d xLine,4
3453,BMW X4 xDrive30d xLine,4
3454,BMW X5 xDrive30d xLine,4
3455,BMW X7 xDrive30d Design Pure Excellence,4
3456,MTN890D,11
3457,MTT890,11
3458,쏘렌토 하이브리드(MQ4 HEV),19
3459,아반떼(CN7),10
3460,아반떼 하이브리드(CN7 HEV),10
3461,그랜저 하이브리드(IG HEV),10
3462,싼타페 하이브리드(TM HEV),10
3463,Model X,63
3464,GLE 350,1
3465,AMG GLE 43 4MATIC,1
3466,GLS 450 4MATIC,1
3467,GLS 550 4MATIC,1
3468,AMG A 35 4MATIC,1
3469,S 550,1
3470,S 550 4MATIC,1
3471,GLC 300,1
3472,Golf 8 2.0 GTI,18
3473,G 350 BlueTEC,1
3474,Jetta 1.4 TSI,18
3475,ACCODR 2.0T,23
3476,CR-V HEV,23
3477,K 1600 B,20
3478,2013-2017년식 Explorer,16
3479,2022년식 Aviator,16
3480,2022년식 Explorer,16
3481,2022년식 Expedition,16
3482,Maybach S 680 4MATIC,1
3483,EQS 580 4MATIC,1
3484,AMG EQS 53 4MATIC+,1
3485,E 450 4MATIC Convertible,1
3486,레인지로버 이보크 2.0D,30
3487,HYPERS11L,67
3488,HYPERS H,67
3489,플라잉스퍼,18
3490,K9(KH),19
3491,BMW 218d Active Tourer,4
3492,BMW iX M60,4
3493,E 220 d Convertible,1
3494,토요타 시에나 하이브리드 2WD,26
3495,토요타 시에나 하이브리드 AWD,26
3496,벤테이가,18
3497,Speed Triple 1200 RS,58
3498,Speed Triple 1200 RR,58
3499,EV6(CV),19
3500,아이오닉5NE),10
3501,ELECTRIFIED G80 (RG3 EV),10
3502,ELECTRIFIED GV70 (JK1 EV),10
3503,GV60 (JW1),10
3504,ML 280 CDI 4MATIC,1
3505,ML 300 CDI 4MATIC BlueEFFICIENCY,1
3506,ML 350,1
3507,ML 550 4MATIC,1
3508,ML 500 4MATIC,1
3509,ML 350 4MATIC,1
3510,GL 320 CDI 4MATIC,1
3511,GL 350 BLUETEC 4MATIC,1
3512,GL 450 4MATIC,1
3513,GL 550 4MATIC,1
3514,R 320 CDI 4MATIC,1
3515,R 500 4MATIC,1
3516,R 350 CDI 4MATIC,1
3517,R 350,1
3518,R 350 4MATIC,1
3519,R 63 AMG 4MATIC,1
3520,2022년식 Ranger Raptor,16
3521,더 뉴 레인지로버 P530 SWB,30
3522,더 뉴 레인지로버 P530 LWB,30
3523,2022년식 Aviator PHEV,16
3524,마세라티 MC20,7
3525,Mercedes-AMG GT S,1
3526,HYPERS,67
3527,Peugeot 2008 1.5 BlueHDi(EAT6),15
3528,Peugeot New 2008 1.5 BlueHDi(EAT8),15
3529,Peugeot 3008 1.5 BlueHDi(EAT8),15
3530,Peugeot 5008 1.5 BlueHDi(EAT8),15
3531,Peugeot 308 1.5 BlueHDi(EAT8),15
3532,Peugeot 508 1.5 BlueHDi(EAT8),15
3533,Peugeot 508 SW 1.5 BlueHDi(EAT8),15
3534,Citroen C3 Aircross 1.5 BlueHDi,15
3535,Citroen C4 Cactus 1.5 BlueHDi(EAT6),15
3536,Citroen Grand C4 Spacetourer 1.5 BlueHDi,15
3537,Citroen C5 Aircross 1.5 BlueHDi,15
3538,DS3 Crossback 1.5 BlueHDi,15
3539,DS7 Crossback 1.5 BlueHDi,15
3540,2022년식 Mustang,16
3541,마세라티 르반떼 GT 하이브리드,7
3542,XC40 Recharge Twin,14
3543,Rolls-Royce Phantom EWB,4
3544,XT6,2
3545,A8 40 TFSI LWB qu.,18
3546,RS7 Plus TFSI qu.,18
3547,RS7 TFSI qu.,18
3548,S6 TFSI qu.,18
3549,S7 TFSI qu.,18
3550,코나(OS),10
3551,셀토스(SP2),19
3552,2014-2015년식 Fusion Hybrid,16
3553,2014-2015년식 MKZ,16
3554,2014-2015년식 MKZ Hybrid,16
3555,2015년식 Mustang 2.3,16
3556,2015년식 Mustang GT 5.0,16
3557,2015년식 Escape,16
3558,2020-2021년식 Explorer PHEV,16
3559,2022년식 Explorer FHEV,16
3560,우라칸,18
3561,유니버스(PY),10
3562,그랜버드(GZ),19
3563,더 뉴 팰리세이드,10
3564,엑시언트 수소전기트럭(QZ),10
3565,아반떼 N(CN7 N),10
3566,아반떼 N-Line(CN7 N-Line),10
3567,일렉시티 수소전기버스(CY),10
3568,C 200 Convertible,1
3569,E 400 4MATIC Coup,1
3570,다산중공업 CT 300L Super2 고소작업차,68
3571,218d Active Tourer,4
3572,iX M60,4
3573,iX xDrive40,4
3574,iX xDrive50,4
3575,2021년식 Expedition,16
3576,카운티(CS),10
3577,메가트럭(EG),10
3578,메가트럭 와이드캡(EG),10
3579,뉴파워트럭(EG),10
3580,엑시언트(QZ),10
3581,EQE 350+,1
3582,Peugeot 508 1.5 BlueHDi,15
3583,Peugeot 508 SW 1.5 BlueHDi,15
3584,2021년 Navigator,16
3585,X5 xDrive 30i,4
3586,xDrive30,4
3587,Z4 3.0si Coupe,4
3588,Z4 sDrive,4
3589,530e,4
3590,620d xDrive,4
3591,630i xDrive,4
3592,640i xDrive,4
3593,M550 xDrive,4
3594,328i xDrive,4
3595,XT5,2
3596,타호,5
3597,싼타페 DM),10
3598,올뉴카니발(YP),19
3599,올뉴쏘렌토(UM),19
3600,BMW X5 xDrive 30d,4
3601,BMW i7 xDrive60,4
3602,아반떼 N,10
3603,아반떼 N Line,10
3604,2022년식 Bronco,16
3605,C40,14
3606,재규어 F-PACE D200,30
3607,재규어 F-PACE P250,30
3608,Polestar2,69
3609,A 250 Hatch,1
3610,Mercedes-AMG E 53 4MATIC+ Convertible,1
3611,Mercedes-AMG GT 53 4MATIC+,1
3612,2021년식 Navigator,16
3613,2013-2015년식 Escape,16
3614,2013-2015년식 Fusion Hybrid,16
3615,A8 50 TDI LWB qu. Premium,18
3616,A8 50 TDI qu. Premium,18
3617,A8 55 TFSI LWB qu. Premium,18
3618,e-tron S qu.,18
3619,e-tron Sportback S qu.,18
3620,RS6 Avant,18
3621,RS7,18
3622,RSQ8,18
3623,CE04,20
3624,페라리612스카그리에티,7
3625,페라리F430,7
3626,페라리F430스파이더,7
3627,페라리F430스쿠데리아,7
3628,LaFerrari,7
3629,페라리캘리포니아,7
3630,페라리캘리포니아T,7
3631,페라리F12Berlinetta,7
3632,페라리F12tdf,7
3633,페라리FF,7
3634,페라리GTC4Lusso,7
3635,페라리GTC4LussoT,7
3636,페라리488Pista,7
3637,페라리488PistaSpider,7
3638,페라리812Superfast,7
3639,페라리812GTS,7
3640,페라리812Competizione,7
3641,페라리Portofino,7
3642,페라리PortofinoM,7
3643,페라리F8Tributo,7
3644,페라리F8Spider,7
3645,페라리Roma,7
3646,다산중공업 CT 290S 등 6개 모델 고소작업차,68
3647,더 뉴 레인지로버 D350 SWB,30
3648,더 뉴 레인지로버 D350 LWB,30
3649,재규어 F-Type P300 Convertible,30
3650,디스커버리 D250,30
3651,디스커버리 P360,30
3652,레인지로버 스포츠 D300,30
3653,레인지로버 스포츠 P360,30
3654,레인지로버 스포츠 SVR,30
3655,디펜더 90 D250,30
3656,디펜더 110 D250,30
3657,디펜더 110 D300,30
3658,디펜더 110 P300,30
3659,렉서스 NX350h,26
3660,렉서스 NX450h+,26
3661,스포티지(NQ5),19
3662,쏘렌토R(XM페이스리프트),19
3663,니로 플러스(DE PBV),19
3664,CHEIF CLASSIC,28
3665,스프린터,1
3666,JET14,22
3667,JET14 ABS,22
3668,스카니아카고,47
3669,BMW 740Le xDrive iPerformance,4
3670,파비스(QV),10
3671,아반떼N (CN7N),10
3672,쏘나타N Line (DN8),10
3673,벨로스터N (JSN),10
3674,코나N (OSN),10
3675,G80 전기차(RG3 EV),10
3676,Touareg 3 3.0 TDI,18
3677,Peugeot 5008 2.0 BlueHDi,15
3678,투싼(LM),10
3679,니로(SG2),19
3680,니로 EV(SG2 EV),19
3681,ADV750,27
3682,NSS750,27
3683,2022년식 Ranger,16
3684,S1000R,20
3685,S1000XR,20
3686,M1000RR,20
3687,BMW i3 120Ah LUX,4
3688,2020-2022 Explorer,16
3689,"2020-2022 Explorer PHEV, FHEV",16
3690,2020-2022 Aviator,16
3691,2020-2022 Aviator PHEV,16
3692,쏘렌토R (XM 페이스리프트),19
3693,HYP939,8
3694,FTR R CARBON,28
3695,카니발,19
3696,Q5 Sportback 40 TDI qu. Premium,18
3697,Golf 8 2.0 TDI,18
3698,한신특장 울트라 고소작업차,70
3699,HARLEY-DAVIDSON RH975,6
3700,Q3 35 TDI Premium,18
3701,HARLEY-DAVIDSON FLHR,6
3702,HARLEY-DAVIDSON FLHRXS,6
3703,HARLEY-DAVIDSON FLHT,6
3704,HARLEY-DAVIDSON FLHTK,6
3705,HARLEY-DAVIDSON FLHTKSE,6
3706,HARLEY-DAVIDSON FLHTP,6
3707,HARLEY-DAVIDSON FLHXS,6
3708,HARLEY-DAVIDSON FLTRK,6
3709,HARLEY-DAVIDSON FLTRXS,6
3710,HARLEY-DAVIDSON FLHXSE,6
3711,HARLEY-DAVIDSON FLH,6
3712,HARLEY-DAVIDSON FLHXST,6
3713,HARLEY-DAVIDSON FLTRXSE,6
3714,HARLEY-DAVIDSON FLTRKSE,6
3715,HARLEY-DAVIDSON FLTRXST,6
3716,e-tron GT,18
3717,RS e-tron GT,18
3718,Q5 Sportback 45 TFSI qu. Premium,18
3719,카운티 일렉트릭(MF),10
3720,e-tron 50 qu.,18
3721,e-tron Sportback 50 qu.,18
3722,Q8 45 TDI qu.,18
3723,씨에라,5
3724,BMW iX3 M Sport,4
3725,1290 SUPER DUKE R,33
3726,짚랭글러PHEV,15
3727,GV70(JK),10
3728,스포티지(KM),19
3729,NINJA H2,37
3730,NINJA H2 SX,37
3731,NINJA H2 SX SE+,37
3732,NINJA H2 CARBON,37
3733,Z H2,37
3734,Z H2 SE,37
3735,스타리아(US4) 어린이 통학차,10
3736,코나 Electric (OS EV),10
3737,포터2 Electric (HR EV),10
3738,호룡SKY3004N고소작업차,71
3739,스프린터(Long),1
3740,CHIEF BOBBER DARK HORSE,28
3741,SUPER CHIEF LIMITED,28
3742,SCOUT BOBBER TWENTY,28
3743,SCOUT ROGUE,28
3744,ARTURA,56
3745,모닝(JA),19
3746,니로 EV(DE EV),19
3747,봉고 Ⅲ EV (PU EV),19
3748,쏘울 부스터 EV (SK3 EV),19
3749,2020-2023년식 Aviator Gas,16
3750,2020-2022년식 Aviator PHEV,16
3751,2021-2022년식 Corsair,16
3752,R 1250 GS Adventure,20
3753,R1250RT,20
3754,R1250GS,20
3755,R1250GS Adventure,20
3756,Arteon 8 PA 2.0 TDI,18
3757,Arteon 8 PA 2.0 TDI 4M,18
3758,ID.4 77kWh,18
3759,Jetta 7 PA 1.5 TSI,18
3760,Passat 8 PA 2.0 TDI,18
3761,Passat 8 PA 2.0 TDI 4M,18
3762,Passat GT 2.0 TDI 4Motion,18
3763,Tiguan 2 PA 2.0 TDI,18
3764,Tiguan 2 PA 2.0 TDI 4M,18
3765,Tiguan Allspace 2 PA 2.0 TDI,18
3766,Tiguan Allspace 2 PA 2.0 TSI,18
3767,T-Roc 2.0 TDI,18
3768,T-Roc 2.0 TDI Style,18
3769,Urus,18
3770,CLK 320 Coupe,1
3771,MINI Cooper SE,4
3772,E 55 Mercedes-AMG,1
3773,CLS 550 Coupe,1
3774,CLS 500 Coupe,1
3775,CLS 55 Mercedes-AMG Coupe,1
3776,CLS 63 Mercedes-AMG Coupe,1
3777,The Beetle 20 TDI Club,18
3778,Mercedes-AMG GLE 43 4MATIC,1
3779,Mercedes-AMG GLE 43 4MATIC Coupe,1
3780,ML 250 BLUETEC 4MATIC,1
3781,ML 63 Mercedes-AMG 4MATIC,1
3782,아이오닉5 (NE),10
3783,YZF1000,11
3784,YZF1000D,11
3785,2011-2012년식 Fusion,16
3786,2007-2012년식 MKZ,16
3787,2020-2023 Aviator Gas,16
3788,2020-2022 Corsair,16
3789,2020-2023 Explorer Gas,16
3790,2022 Explorer FHEV,16
3791,LTS125,11
3792,다니고밴,72
3793,더 뉴 레인지로버 스포츠 P360,30
3794,디펜더 110 P400,30
3795,디펜더 130 P400,30
3796,인지로버 벨라 P400,30
3797,코나(SX2),10
3798,iX3 M Sport,4
3799,M240i xDrive Coupe,4
3800,M8 Gran Coupe,4
3801,M850i xDrive Coupe,4
3802,M850i xDrive Gran Coupe,4
3803,Z4 M40i,4
3804,Z4 sDrive20i,4
3805,GSX-1300RRQ,21
3806,아반떼N (CN7 KN),10
3807,RS e-tron,18
3808,M1000R,20
3809,그랜져(GN7),10
3810,그랜져하이브리드(GN7HEV),10
3811,320i Touring,4
3812,330e,4
3813,420i Convertible,4
3814,i4 eDrive40,4
3815,i4 M50,4
3816,M3 Competition M xDrive,4
3817,M340i xDrive Touring 81FY,4
3818,M4 Competition Convertible M xDrive,4
3819,M4 Competition M xDrive,4
3820,M440i xDrive,4
3821,M440i xDrive Convertible,4
3822,A 220 4MATIC,1
3823,AMG GLB 35 4MATIC,1
3824,2022년식 Ranger Wildtrak,16
3825,Q4 e-tron 40,18
3826,Q4 Sportback e-tron 40,18
3827,Q7 45 TFSI qu.,18
3828,LEAF,13
3829,포터2 (HR),10
3830,2023년식 Ranger Wildtrak,16
3831,SM3 Z.E,31
3832,Bonneville T120,58
3833,Bonneville T120 Black,58
3834,모델 S,63
3835,모델 X,63
3836,DS7 Crossback 2.0 BlueHDi,15
3837,Peugeot e208 Electric,15
3838,GLE 450 d 4MATIC Coupe,1
3839,GLE 400 e 4MATIC Coupe,1
3840,마세라티 MC20 첼로,7
3841,X3 xDrive 20i M Spt,4
3842,X3 xDrive 30e M Spt,4
3843,X4 xDrive 20i M Spt X,4
3844,X4 xDrive 20i xLine,4
3845,220i Active Tourer,4
3846,X1 sDrive18d,4
3847,X1 sDrive20i,4
3848,아이오닉5(NE),10
3849,디펜더 130 D300,30
3850,그랜저 하이브리드 (GN7 HEV),10
3851,CB300R,27
3852,DS4 Crossback 1.5 BlueHDi,15
3853,뉴 카운티(MF) 어린이운송차,10
3854,카운티 일렉트릭(MF EV) 어린이운송차,10
3855,ID.4 82kWh,18
3856,카니발 (KA4),19
3857,BMW XM,4
3858,닛산 LEAF (ZE0),13
3859,Tiguan LWB,18
3860,ID.4,18
3861,X6 40i xDrive,4
3862,Desert X,8
3863,레이 (TAM PE2),19
3864,셀토스 (SP2 PE),19
3865,스포티지 (NQ5),19
3866,스포티지 하이브리드 (NQ5 HEV),19
3867,니로 (SG2 HEV),19
3868,K8 (GL3),19
3869,S 580 e 4MATIC,1
3870,GV60(JW1),10
3871,Q3 35 TDI qu. Premium,18
3872,Q3 40 TFSI qu. Premium,18
3873,Q3 Sportback 35 TDI Premium,18
3874,Q3 Sportback 35 TDI qu. Premium,18
3875,Q3 Sportback 40 TFSI qu. Premium,18
3876,봉고Ⅲ EV(PU EV),19
3877,2015-2017년식 Mustang,16
3878,2015년식 Mustang,16
3879,GV70 전기차(JK1 EV),10
3880,RYKER,73
3881,296 GTB,7
3882,296 GTS,7
3883,더 뉴 레인지로버 P530 LWB (7인승 모델),30
3884,팰리세이드 (LX2 PE),10
3885,BMW X3 xDrive30e xLine,4
3886,BMW X4 M Competition,4
3887,BMW X4 xDrive20i xLine,4
3888,MAYBACH S 400 4MATIC,1
3889,MAYBACH S 650 Pullman,1
3890,MAYBACH S 560,1
3891,BMW 218d Gran Coupe,4
3892,BMW X3 xDrive20i Luxury,4
3893,BMW 220d Gran Coupe M Sport Package(HEA),4
3894,BMW 520i Luxury,4
3895,BMW 530i Luxury,4
3896,BMW 530i xDrive Luxury,4
3897,BMW M235i xDrive Gran Coupe,4
3898,BMW M550i xDrive,4
3899,BMW M760Li xDrive,4
3900,BMW M8 Coupe,4
3901,BMW X3 M Competition,4
3902,레인지로버 P400e,30
3903,Panigale V2,8
3904,SPYDER RT,73
3905,SPYDER F3,73
3906,MOJITO,74
3907,BMW X3 sDrive,4
3908,EV9(MV),19
3909,닛산 LEAF (ZE1),13
3910,Zentropy Z,75
3911,G90(RS4),10
3912,엑시언트 수소전기트럭 (QZ FCEV),10
3913,BMW iX1 xDrive30,4
3914,더 뉴 레인지로버 스포츠 D300,30
3915,2015-2019년식 MKC,16
3916,주노(JUNO),76
3917,아폴로(APOLLO),76
3918,루키(ROOKIE),76
3919,페르난도(FARNANDO),76
3920,마스타밴(MASTA VAN),77
3921,유니버스 (PY),10
3922,2022-2023년식 Bronco,16
3923,코나(OS PE),10
3924,2017-2020년식 Continental,16
3925,GLE 400 e 4MATIC,1
3926,아반떼 하이브리드 (CN7 HEV),10
3927,DT X125,58
3928,BMW M135i xDrive,4
3929,마세라티 MC20 Cielo,7
3930,Tiger Sports,58
3931,BENNET125,78
3932,뉴 카운티(CS) 11인승 리무진,10
3933,쏘울EV,19
3934,HARLEY-DAVIDSON FLHC,6
3935,HARLEY-DAVIDSON FLHCS,6
3936,HARLEY-DAVIDSON FLDE,6
3937,HARLEY-DAVIDSON FLHCS ANV,6
3938,HARLEY-DAVIDSON FXLRS,6
3939,HARLEY-DAVIDSON FXLRST,6
3940,HARLEY-DAVIDSON FXRST,6
3941,E6,79
3942,벤테이가 W12,18
3943,브이버스60 / 브이버스60i,80
3944,2023년식 Nautilus,16
3945,BMW 740i xDrive,4
3946,BMW 750e xDrive Sedan,4
3947,BMW i5 eDrive40,4
3948,BMW i5 M60 xDrive,4
3949,BMW i7 eDrive50,4
3950,BMW i7 M70 xDrive,4
3951,2020-2023년식 Explorer Gas,16
3952,2020-2022년식 Explorer PHEV/FHEV,16
3953,2020-2022년식 Corsair Gas,16
3954,"맥라렌 600LT 스파이더 , 쿠페",56
3955,ID.4 82kWh PRO,18
3956,Tiguan Allspace,18
3957,AMG GLE 53 4MATIC+ Coupe,1
3958,Mercedes-AMG SL 63 4MATIC+,1
3959,R 1250 RS,20
3960,M 1000 R,20
3961,이티밴,81
3962,Q4 40 e-tron,18
3963,Q4 Sportback 40 e-tron,18
3964,SF90 Stradale,7
3965,SF90 Spider,7
3966,트랙스 크로스오버,5
3967,쏘울 EV (PS EV),19
3968,싼타페 하이브리드(MX5 HEV),10
3969,더 뉴 레인지로버 P530 LWB (5인승),30
3970,더 뉴 레인지로버 P530 LWB (7인승),30
3971,더 뉴 레인지로버 P615 SV (4인승),30
3972,더 뉴 레인지로버 P615 SV (5인승),30
3973,토요타 GR86,26
3974,BMW 320i Sedan MX,4
3975,Rocket 3 GT Triple Black,58
3976,Rocket 3 R Black,58
3977,ACCORD HYBRID,23
3978,BMW i5 eDrive 40,4
3979,토레스,38
3980,AMG GLE 63 S 4MATIC+,1
3981,닛산 ALTIMA 2.0,13
3982,닛산 ALTIMA 2.5,13
3983,G80(RG3) EV,10
3984,GV70(JK1) EV,10
3985,2020-2023 Mustang 2.3 Coupe,16
3986,2020-2023 Mustang 2.3 Convertible,16
3987,2020-2023 Mustang 5.0 Coupe,16
3988,2020-2023 Mustang 5.0 Convertible,16
3989,V1(DJ1),82
3990,SQ7 TFSI,18
3991,재규어 I-PACE EV400,30
3992,C40,74
3993,BMW X3 3.0si,4
3994,BMW X5 3.0si,4
3995,BMW Z4 sDrive30i,4
3996,BMW 328i Convertible,4
3997,BMW 328i xDrive,4
3998,BMW 328xi,4
3999,BMW 523i,4
4000,BMW 525i,4
4001,BMW 528xi,4
4002,BMW 730Li,4
4003,BMW X3 3.0i,4
4004,SE-A 2밴,83
4005,NEW BYD eBus-12,84
4006,Rolls Royce Spectre,4
4007,CR-V HYBRID,23
4008,넥쏘 (FE),10
4009,니로 EV (SG2 EV),19
4010,EV6 (CV),19
4011,Rolls-Royce Spectre,4
4012,E-SKY11,66
4013,BYD eBus-12,84
4014,BYD eBus9,84
4015,BYD eBus-9,84
4016,NEW BYD eBus-7,84
4017,R1 Lite,85
4018,R1,85
4019,아이오닉6(CE),10
4020,GV60(JW),10
4021,BMW X5 xDrive50e,4
4022,BMW X6 M60i xDrive,4
4023,BMW X6 xDrive30d M Sport,4
4024,BMW X6 xDrive40i M Sport,4
4025,BMW X7 M60i xDrive,4
4026,BMW XM Label,4
4027,BMW 220i Active Tourer,4
4028,BMW 750e xDrive,4
4029,BMW X1 sDrive18d,4
4030,BMW X1 sDrive20i,4
4031,BMW X1 xDrive20i,4
4032,BMW X5 M Competition,4
4033,BMW X5 M60i xDrive,4
4034,봉고Ⅲ (PU),19
4035,토요타 하이랜더 하이브리드,26
4036,TGA,17
4037,짚그랜드체로키PHEV,15
4038,K9 (RJ),19
4039,스팅어 (CK),19
4040,EQ900 (HI),10
4041,G80 (DH),10
4042,G70 (IK),10
4043,BMW M850i xDrive Gran Coupe,4
4044,HYPERS 11L,67
4045,아이오닉6 (CE),10
4046,제네시스 GV60 (JW),10
4047,제네시스 GV70(JK) EV,10
4048,제네시스 G80(RG3) EV,10
4049,모델 3,63
4050,모델 Y,63
4051,레인지로버 5.0SC,30
4052,레인지로버 5.0SC SVAutobiography,30
4053,레인지로버 SDV8,30
4054,레인지로버 D350,30
4055,토레스EVX,38
4056,FH/FM 카고,24
4057,노바스고소작업차,86
4058,콜로라도,5
4059,"2020-2022년식 Explorer PHEV, FHEV",16
4060,R1300GS,20
4061,R 1250 RT,20
4062,우라칸 STO,18
4063,911 Carrera 4,9
4064,911 Carrera S,9
4065,911 Carrera 4S,9
4066,911 Carrera GTS,9
4067,911 Carrera 4 GTS,9
4068,911 Carrera Turbo S,9
4069,911 직/병행수입 차량,9
4070,S 450 d 4MATIC,1
4071,S 680 Guard 4MATIC,1
4072,Mercedes-AMG S 63 e 4MATIC,1
4073,Maybach S 580,1
4074,Maybach S 680,1
4075,Mercedes-AMG GLC 43 4MATIC+,1
4076,EQE 350 4MATIC,1
4077,EQE 500 4MATIC,1
4078,Mercedes-AMG EQE 53 4MATIC+,1
4079,CR-V 2WD,23
4080,CR-V 4WD,23
4081,Peugeot e2008 Electric,15
4082,Q4 e-tron,18
4083,2023-2024년식 Bronco,16
4084,그랜저(GN7),10
4085,그랜저하이브리드(GN7 HEV),10
4086,싼타페(MX5),10
4087,G80 EV(RG3 EV),10
4088,2023년식 Bronco,16
4089,니로EV(SG2 EV),19
4090,코나 EV (SX2 EV),10
4091,젤라피이백 (젤라P-200),87
4092,엑센트(RB) 가솔린,10
4093,니로 하이브리드 (DE HEV),19
4094,니로 플러그인하이브리드 (DE PHEV),19
4095,EQE 350 4MATIC SUV,1
4096,A 220 Sedan,1
4097,X6 M Competition,4
4098,X5 xDrive50e,4
4099,K3 (BD PE),19
4100,K5 (DL3 PE),19
4101,모닝 (JA PE2),19
4102,Touareg 3 PA 3.0 TDI,18
4103,캐스퍼(AX1),10
4104,더 뉴 팰리세이드(LX2 PE),10
4105,E-STAR 8 V1,66
4106,E-STAR 11,66
4107,레이 전기차(TAM EV),19
4108,카렌스(UN),19
4109,제네시스 쿠페(BK),10
4110,투싼 수소연료전지(LMFC),10
4111,DBX,56
4112,DBX707,56
4113,Z900RS SE,37
4114,카니발 (YP),19
4115,카이엔 Coupe,9
4116,카이엔 E-하이브리드,9
4117,카이엔 E-하이브리드 Coupe,9
4118,카이엔 S E-하이브리드 Coupe,9
4119,카이엔 터보 E-하이브리드 Coupe,9
4120,카이엔 터보 GT,9
4121,911 카레라 4 카브리올레,9
4122,911 카레라 4 GTS,9
4123,911 카레라 4 GTS 카브리올레,9
4124,911 카레라 4S,9
4125,911 카레라 4S 카브리올레,9
4126,911 카레라 GTS,9
4127,911 카레라 GTS 카브리올레,9
4128,911 카레라 S 카브리올레,9
4129,911 타르가 4,9
4130,911 타르가 4 GTS,9
4131,911 터보 S 카브리올레,9
4132,카이엔 터보 Coupe,9
4133,타이칸 4S,9
4134,타이칸 터보,9
4135,타이칸 터보 S,9
4136,봉고Ⅲ(PU),19
4137,Countryman S ALL4,4
4138,GOLDWING,27
4139,CBR1000RR,27
4140,엑센트(RB) 디젤,10
4141,i40(VF),10
4142,제네시스(DH)/G80(DH),10
4143,718 Boxster,9
4144,718 Cayman,9
4145,더 뉴 레인지로버 P550e SWB,30
4146,디펜더 90 P400,30
4147,타이칸 크로스 투리스모,9
4148,타이칸 크로스 투리스모 4S,9
4149,타이칸 크로스 투리스모 터보,9
4150,타이칸 GTS,9
4151,타이칸 직병행수입 차량,9
4152,타이칸 4S 크로스 투리스모,9
4153,타이칸 터보 크로스 투리스모,9
4154,카이엔 터보 E-하이브리드,9
4155,파나메라 터보 E-하이브리드,9
4156,EQE 300,1
4157,AMG EQE 53 4MATIC,1
4158,일렉시티(CY),10
4159,일렉시티(CY) FCEV,10
4160,토요타 프리우스 PHEV,26
4161,URUS S,18
4162,URUS PERFORMANTE,18
4163,쏘렌토(XM),19
4164,인피니티 M30,13
4165,인피니티 M30d,13
4166,인피니티 M56,13
4167,인피니티 Q70 3.0d,13
4168,인피니티 Q70 5.6,13
4169,인피니티 Q50 2.2d,13
4170,인피니티 Q50 HYBRID,13
4171,인피니티 Q50S,13
4172,911 카레라 S,9
4173,K5 하이브리드(TF HEV),19
4174,니로EV(DE EV),19
4175,렉서스 RX350h,26
4176,렉서스 RX450h+,26
4177,렉서스 RX500h,26
4178,렉서스 RZ450e,26
4179,토요타 Crown Dual Boost HEV,26
4180,토요타 Crown HEV,26
4181,CROWN Dual Boost HEV,26
4182,CROWN HEV,26
4183,디스커버리 스포츠 D200,30
4184,A8 60 TFSI LWB qu. Premium,18
4185,S8 LWB TFSI,18
4186,SQ8 Sportback e-tron,18
4187,짚글래디에이터,15
4188,GV80쿠페(JX1),10
4189,TGX 카고,17
4190,TGL 카고,17
4191,TGM 카고,17
4192,2021-2023년식 Expedition,16
4193,2021-2023년식 Navigator,16
4194,더 뉴 레인지로버 스포츠 P550e,30
4195,쏘울(AM),19
4196,BMW 1 Series Urban,4
4197,BMW 114i,4
4198,BMW 116I,4
4199,BMW 118I,4
4200,BMW 218D,4
4201,BMW 316d,4
4202,BMW 320d EffDyn Edition,4
4203,BMW 320d Gran Turismo xDrive,4
4204,BMW 320I,4
4205,BMW 335xi,4
4206,BMW 518D,4
4207,BMW 520D XDR,4
4208,BMW 520I,4
4209,BMW 530D,4
4210,BMW 535i GT xDrive,4
4211,BMW 550i xDrive,4
4212,BMW 640i Gran Coupe,4
4213,BMW 650I,4
4214,BMW Gran Turismo 35i xDrive,4
4215,BBMW X1 xDrive18d,4
4216,BMW X3 2.5i,4
4217,BMW X3 SDRIV,4
4218,BMW X3 xDrive28i,4
4219,BMW X4 XDRIV,4
4220,BMW X5 xDrive28i,4
4221,BMW X6 xDrive50i,4
4222,BMW X1 S18D A,4
4223,BMW X1 S18I A,4
4224,BMW X3 2.0d,4
4225,BMW 640I,4
4226,BMW 328I,4
4227,BMW 328i Gran Turismo,4
4228,BMW 330D XDR,4
4229,BMW 330xi,4
4230,BMW 335d,4
4231,스마트 110E,88
4232,엑시언트 수소전기트럭(QZ FCEV),10
4233,UN125,21
4234,프라이드(UB),19
4235,BMW X3 M40I A,4
4236,BMW X3 SDRIV A,4
4237,BMW X3 XDRIV A,4
4238,BMW X3 xDrive30i,4
4239,2013-2014년식 MKX,16
4240,리릭(LYRIQ),2
4241,BMW 520d xDrive Sedan,4
4242,BMW 525Li Sedan CHN,4
4243,BMW 530e xDrive Sedan,4
4244,BMW 550e xDrive Sedan,4
4245,BMW 760i xDrive,4
4246,BMW i5 xDrive40,4
4247,BMW iX1 eDrive20,4
4248,BMW iX2 eDrive20,4
4249,BMW M5 Sedan,4
4250,BMW X1 M35i xDrive,4
4251,BMW X2 M35i xDrive,4
4252,BMW X5 sDrive40i,4
4253,BMW X5 xDrive50e RHD,4
4254,MINI Aceman SE CHN,4
4255,MINI Cooper C,4
4256,MINI Cooper S 5-doors,4
4257,MINI Countryman E,4
4258,MINI Countryman S ALL4,4
4259,MINI Countryman SE ALL4,4
4260,MINI John Cooper Works Countryman ALL4,4
4261,METEOR,8
4262,CLASSIC 350,8
4263,HNTR 350,8
4264,렉서스 UX300h 2WD,26
4265,제네시스 쿠페 (BK),10
4266,GRANTUS,3
4267,520d xDrive Sedan,4
4268,523d,4
4269,523d xDrive,4
4270,530e xDrive Sedan,4
4271,740i xDrive,4
4272,750e xDrive,4
4273,i5 eDrive40,4
4274,i5 M60 xDrive,4
4275,i5 xDrive40,4
4276,i7 eDrive50,4
4277,i7 M70 xDrive,4
4278,i7 xDrive60,4
4279,2020-2023년식 Aviator (가솔린),16
4280,2020-2022년식 Aviator (PHEV),16
4281,BMW 218d,4
4282,BMW X1 sDrive,4
4283,PURSUIT DARK HORSE,28
4284,인정1단슬라이드평판트레일러,50
4285,아슬란(AG),10
4286,쏘나타 하이브리드(YFE),10
4287,RR4,17
4288,시에라,5
4289,포르테 하이브리드(TD HEV),19
4290,K5(TF HEV),19
4291,쏘나타 하이브리드 (YF HEV),10
4292,R12NINET,20
4293,R 1300 GS,20
4294,DL800DE,21
4295,2024년식 Nautilus,16
4296,HARLEY-DAVIDSON FLHX,6
4297,HARLEY-DAVIDSON FLTRX,6
4298,Carrera GT,9
4299,BMW i5 xDrive40 Sedan,4
4300,CLE 200,1
4301,CLE 450 4MATIC,1
4302,ID.4 210kW,18
4303,ID.5 210kW,18
4304,아반떼N (CN7 N),10
4305,벨로스터N (JS N),10
4306,코나N (OS N),10
4307,2022-2023년식 Mustang,16
4308,2021-2023년식 Mustang,16
4309,CR-V HYBRID 2WD,23
4310,CR-V HYBRID 4WD,23
4311,코만치 SPIT-150,89
4312,BMW X3 20 xDrive,4
4313,BMW X3 20d xDrive,4
4314,BMW X3 M50 xDrive,4
4315,2011-2019년식 Explorer 3.5L,16
4316,2012-2015년식 Explorer 2.0L,16
4317,2016-2019년식 Explorer 2.3L,16
4318,SE-A2밴,83
4319,AMG S 63 4MATIC Convertible,1
4320,SM3 Z.E.,31
4321,더쎈,32
4322,"S90, XC90, XC60",14
4323,Tiger 1200 GT Pro,58
4324,Tiger 1200 GT Explorer,58
4325,Bonneville T100,58
4326,Street Twin Goldline,58
4327,Speed Twin 900,58
4328,Street Scrambler Sandstorm,58
4329,Scrambler 900,58
4330,포터2 EV(HR EV),10
4331,KOLEOS Hybrid,31
4332,MTN690,11
4333,T4K,84
4334,FL 카고,24
4335,쏘렌토 (MQ4),19
4336,카이엔 S E-하이브리드 쿠페,9
4337,마세라티 그레칼레 GT 하이브리드,15
4338,마세라티 그레칼레 모데나 하이브리드,15
4339,마세라티 그레칼레 트로페오,15
4340,일렉시티 (CY) 수소전기버스,10
4341,유니버스 (PY) 수소전기버스,10
4342,엑시언트 (QZ) 수소전기트럭,10
4343,2024년식 Bronco 2.3L,16
4344,XT4,2
4345,아이오닉5(NE1 PE),10
4346,DB12,56
4347,BMW 525i Sedan,4
4348,BMW 520i Sedan,4
4349,MINI Cooper C 3Dr,4
4350,BMW M760e xDrive,4
4351,AN400A,21
4352,티볼리(G15),38
4353,코란도(G15),38
4354,OK1KOOROO,82
4355,E 350 e 4MATIC,1
4356,쏘렌토 하이브리드(MQ4 HEV PE),19
4357,쏘렌토 (MQ4 PE),19
4358,LJ125T-G,90
4359,포터II,10
4360,포터II EV,10
4361,VENIS,91
4362,McLaren GT,56
4363,E-SKY9,66
4364,XM3 하이브리드,31
4365,ARKANA 하이브리드,31
4366,BMW X5 xDrive 50e,4
4367,BMW 228I A,4
4368,BMW 228I XDR A,4
4369,BMW 328I A,4
4370,BMW 328I XDR A,4
4371,BMW 328XI A,4
4372,BMW 428I A,4
4373,BMW 428i Convertible,4
4374,BMW 428i Coupe,4
4375,BMW 428I XDR A,4
4376,BMW 520I A,4
4377,BMW 525LI A,4
4378,BMW 528I A,4
4379,BMW 528I XDR A,4
4380,BMW X1S28I A,4
4381,BMW X1X28I A,4
4382,BMW X3 28I A,4
4383,BMW X4 XDRIV A,4
4384,BMW Z4 20I A,4
4385,BMW Z4 28I A,4
4386,BMW Z4 sDrive28i,4
4387,일레누스,92
4388,SCOUT BOBBER LIMITED TECH,28
4389,SCOUT CLASSIC LIMITED TECH,28
4390,SPORT SCOUT,28
4391,SPORT SCOUT LIMITED TECH,28
4392,SPORT SCOUT 101,28
4393,A7 55 TFSI e qu. Premium,18
4394,토요타 Camry,26
4395,MTM890,11
4396,MTN1000D,11
4397,MTT890D,11
4398,2024년식 Mustang,16
4399,2024-2025년식 Nautilus,16
4400,Q6 e-tron performance,18
4401,Q6 e-tron quattro Premium,18
4402,GV70 EV(JK EV),10
4403,카운티 일렉트릭,10
4404,기블리,15
4405,기블리 S Q4,15
4406,기블리 트로페오,15
4407,기블리 하이브리드,15
4408,콰트로포르테,15
4409,콰트로포르테 S Q4,15
4410,콰트로포르테 트로페오,15
4411,르반떼,15
4412,르반떼 S,15
4413,르반떼 GTS,15
4414,르반떼 트로페오,15
4415,르반떼 하이브리드,15
4416,그레칼레,15
4417,MC20(Cielo),15
4418,ADV750L,27
4419,시티라이트2,93
4420,아이오닉5 N(NE N),10
4421,BMW 335i Convertible,4
4422,BMW X1 X20D A,4
4423,AMG GT 63 S E Performance,1
4424,AMG S 63 E Performance,1
4425,더 뉴 레인지로버 D350 LWB(2023MY),30
4426,더 뉴 레인지로버 D350 SWB(2022MY),30
4427,더 뉴 레인지로버 D350 SWB(2023MY),30
4428,더 뉴 레인지로버 P530 LWB(2022MY),30
4429,더 뉴 레인지로버 P530 LWB(2023MY),30
4430,더 뉴 레인지로버 P530 SWB(2022MY),30
4431,더 뉴 레인지로버 P530 SWB(2023MY),30
4432,Q8 qu.,18
4433,SQ6 e-tron,18
4434,ROADMASTER LIMITED,28
4435,CHALLENGER DARK HORSE,28
4436,ATS,2
4437,CTS,2
4438,R 18,20
4439,R 18 CLASSIC,20
4440,R 18 B,20
4441,R 18 TRANSCONTINENTAL,20
4442,R 18 ROCTANE,20
4443,GV70 (JK1 PE),10
4444,GV70 Electrified (JK1 EV PE),10
4445,아이오닉9(ME1),10
4446,마칸 4,9
4447,마칸 4S,9
4448,A5 40 TFSI qu.,18
4449,A5 45 TFSI qu. Premium,18
4450,A6 e-tron performance,18
4451,일렉시티(CY) 수소전기버스,10
4452,이네오스 그레나디어 스테이션왜건 가솔린,94
4453,마세라티 그란투리스모 트로페오,15
4454,셀토스 (SP2),19
4455,Mercedes-AMG EQE 53 4MATIC,1
4456,Mercedes-AMG EQS 53 4MATIC,1
4457,Beelte,18
4458,G 450 d,1
4459,G 580,1
4460,R 1300 GS Adventure,20
4461,R 12 nineT,20
4462,R 12,20
4463,720S Spider,56
4464,Artura,56
4465,GT,56
4466,SCV125S,27
4467,S90T8 AWD,14
4468,XC60T8 AWD,14
4469,XC90T8 AWD,14
4470,EX40,14
4471,카운티 일렉트릭(CS EV),10
4472,포르테 (TD),19
4473,리릭,2
4474,Mercedes-AMG GLE 53 4MATIC,1
4475,디스커버리3,30
4476,디스커버리3 TDV6,30
4477,디스커버리4 2.7D,30
4478,디스커버리4 3.0D,30
4479,디스커버리4 5.0,30
4480,레인지로버 스포츠 TDV6,30
4481,레인지로버 스포츠 V8,30
4482,레인지로버 스포츠 V8SC,30
4483,파나메라 4 E-하이브리드,9
4484,파나메라 GTS,9
4485,타이칸 4,9
4486,타이칸 4 크로스 투리스모,9
4487,캐스퍼 일렉트릭 (AX1 EV),10
4488,CB750A,27
4489,CB1000SP,27
4490,CMX1100A,27
4491,CBF125NA,27
4492,iX2 eDrive20,4
4493,X1 xDrive28i,4
4494,X5 M Competition,4
4495,2025년식 Bronco 2.3L,16
4496,X5 xDrive40i,4
4497,X6 xDrive30d M Sport,4
4498,X6 xDrive40i M Sport,4
4499,X7 M60i xDrive,4
4500,X7 xDrive40d,4
4501,XM,4
4502,CMX1100,27
4503,Ninja ZX-6R,37
4504,2024년식 Bronco 2.7,16
4505,2024년식 Bronco 2.3,16
4506,2025년식 Explore,16
4507,스타리아 카고 (US4),10
4508,쏠라티 (EU),10
4509,E-SKY II,66
4510,2025년식 Ranger Wildtrak,16
4511,2020-2022년식 Corsair,16
4512,2020-2023년식 Aviator 3.0,16
4513,EVN4,27
4514,E-STAR 8V1,66
4515,Revuelto,18
4516,페라리 Purosangue,7
4517,X3 20 xDrive,4
4518,X3 20d xDrive,4
4519,X3 M50 xDrive,4
4520,iX1 xDrive30,4
4521,2019년식 Mustang 5.0,16
4522,2018-2020년식 Mustang 2.3,16
4523,2020년식 Mustang 2.3,16
4524,2022년식 Nautilus,16
4525,2021-2022년식 Aviator 3.0,16
4526,2021-2022년식 Aviator PHEV,16
4527,2021년식 Explorer 3.0,16
4528,2021년식 Explorer PHEV,16
4529,Peugeot 308 Smart Hybrid,15
4530,Peugeot 408 Smart Hybrid,15
4531,Peugeot 3008 Smart Hybrid,15
4532,Peugeot 5008 Smart Hybrid,15
4533,팰리세이드(LX3),10
4534,팰리세이드 하이브리드(LX3 HEV),10
4535,포터II 일렉트릭(HR EV),10
4536,2020년식 Aviator PHEV,16
4537,2020년식 Explorer PHEV,16
4538,UHR125,46
4539,OK1KOOROO PRO,82
4540,AMG EQE 53 4MATIC+,1
4541,EV3,19
4542,EV4,19
4543,2025년식 Bronco,16
4544,파비스 (QV),10
4545,2019년식 MKZ,16
4546,2019년식 MKZ HEV,16
4547,2019-2020년식 Continental,16
4548,2019-2022년식 Mustang 2.3L,16
4549,2019-2022년식 Mustang 5.0L,16
4550,2021년식 Aviator PHEV,16
4551,2021-2023년식 Explorer 3.0,16
4552,2020-2023년식 Explorer 2.3,16
4553,에픽시티,95
4554,에픽타운,95
4555,Urus SE,18
4556,HYPERS 신형,67
4557,Aceman SE,4
4558,Cooper SE,4
4559,MINI Cooper C Five-door,4
4560,컨티넨탈 GT,18
4561,무쏘 EV,38
4562,A5 40 TDI qu.,18
4563,A5 45 TFSI qu.,18
4564,S5,18
4565,카이엔 GTS 쿠페,9
4566,카이엔 터보 E-하이브리드 쿠페,9
4567,렉서스 UX300e,26
4568,X4 xDrive25i,4
4569,620d,4
4570,620d Luxury,4
4571,620d xDrive Luxury,4
4572,X4 xDrive,4
4573,2022-2024년식 Expedition,16
4574,2022-2023년식 Navigator,16
4575,2023-2024년식 Ranger Raptor,16
4576,2024년식 Mustang 5.0,16
4577,2024년식 Mustang 2.3,16
4578,2023-2024년식 Navigator,16
4579,2022-2024년식 Bronco 2.7,16
4580,스포티지 (QL),19
4581,봉고Ⅲ 전기차(PUEV),19
4582,Peugeot 308 1.2 Smart Hybid,15
4583,Peugeot 308 1.5 BlueHDi,15
4584,Peugeot 408 1.2 Puretech,15
4585,Peugeot 308 SW 1.6 BlueHDi,15
4586,Peugeot 308 SW 2.0 BlueHDi,15
4587,Peugeot 2008 1.5 BlueHDi,15
4588,Peugeot 3008 / 5008 1.5 BlueHDi,15
4589,Citroen C4 Cactus 1.5 BlueHDi,15
4590,Citroen C4 Piccaso 1.5 BlueHDi,15
4591,Panigale V4 SP 2,8
4592,Panigale V4 Speciale Tricolore,8
4593,Superleggera V4,8
4594,StreetFighter V4,8
4595,StreetFighter V4 S,8
4596,StreetFighter V4 SP,8
4597,StreetFighter V4 Lamborghini,8
4598,Panigale V4 MotoGP Replica,8
4599,Peugeot 408 1.2 PureTech,15
4600,DS4 Crossback 1.5 BlueHDilueHDi,15
4601,2025년식 Aviator,16
4602,BMW 120,4
4603,BMW M135 xDrive,4
4604,2025년식 Explorer,16
4605,2020-2025년식 Aviator,16
4606,2021-2025년식 Explorer,16
4607,HUSQVARNA SVARTPILEN 125,60
4608,HUSQVARNA SVARTPILEN 401,60
4609,HUSQVARNA VITPILEN 125,60
4610,HUSQVARNA VITPILEN 401,60
4611,2025년식 Nautilus,16
4612,2025년식 Mustang 2.3,16
4613,Q8 55 TFSI qu.,18
4614,Q8 50 TDI qu.,18
4615,RSQ8 performance,18
4616,BMW ActiveHybrid 5,4
4617,BMW 535IX,4
4618,BMW 550d,4
4619,BMW 640i,4
4620,BMW 650i,4
4621,BMW M135i,4
4622,BMW X3 20d,4
4623,스타리아 하이브리드 (US4 HEV),10
4624,카니발 하이브리드(KA4 HEV),19
4625,토요타 RAV4 Hybrid 2WD,26
4626,토요타 RAV4 Hybrid AWD,26
4627,토요타 RAV4 PHEV,26
4628,토요타 Alphard Hybrid,26
4629,토요타 CROWN Hybrid,26
4630,토요타 CROWN Dual Boost Hybrid,26
4631,토요타 HIGHLANDER Hybrid,26
4632,토요타 CAMRY Hybrid,26
4633,렉서스 LM500h,26
4634,렉서스 LS500h,26
4635,렉서스 LS500,26
4636,토요타 Crown Hybrid,26
4637,토요타 Crown Dual Boost Hybrid,26
4638,토요타 Camry Hybrid,26
4639,토요타 SIENNA Hybrid 2WD,26
4640,토요타 SIENNA Hybrid AWD,26
4641,렉서스 LX700h,26
4642,렉서스 LC500 CV,26
4643,토요타 Highlander Hybrid,26
4644,990 DUKE,33
4645,포터II(HR),10
4646,X3 30 xDrive,4
